article,vendor_id,country_key,supply_region
10948,8101,AU,8101
49671,8102,AU,8101
61412,8201,AU,8201
83664,8202,AU,8201
15032,8301,AU,8301
20862,8302,AU,8301
31809,8401,AU,8401
23914,8402,AU,8401
56110,8403,AU,8403
23936,8404,AU,8404
20592,8405,AU,8405
40927,100006,AU,1001
62914,100006,AU,1002
31704,100006,AU,1003
27417,100006,AU,1004
15055,100006,AU,1005
79827,100006,AU,1006
35195,100006,AU,1007
80938,100006,AU,1008
29812,100006,AU,1009
95252,100006,AU,1010
56462,100006,AU,1012
48945,100006,AU,1014
41274,100006,AU,1016
33103,100006,AU,1017
72538,100006,AU,1019
70329,100006,AU,1020
68308,100006,AU,1021
29326,100006,AU,1022
68255,100006,AU,1023
88679,100006,AU,1026
81712,100006,AU,1027
26571,100006,AU,1029
16110,100006,AU,1031
16540,100006,AU,1033
72317,100006,AU,1036
20576,100006,AU,1040
45570,100006,AU,1042
68441,100006,AU,1045
85932,100006,AU,1046
59405,100006,AU,1047
84671,100006,AU,1051
39845,100006,AU,1053
94739,100006,AU,1056
24228,100006,AU,1057
57139,100006,AU,1058
58768,100006,AU,1059
59070,100006,AU,1060
52140,100006,AU,1061
23309,100006,AU,1062
47467,100006,AU,1063
38812,100006,AU,1064
47005,100006,AU,1065
54793,100006,AU,1066
53739,100006,AU,1067
48779,100006,AU,1068
76614,100006,AU,1069
98935,100006,AU,1070
15620,100006,AU,1071
34558,100006,AU,1072
89060,100006,AU,1073
13890,100006,AU,1076
30360,100006,AU,1078
95176,100006,AU,1079
26850,100006,AU,1081
40601,100006,AU,1082
34555,100006,AU,1083
72430,100006,AU,1084
59327,100006,AU,1085
44243,100006,AU,1087
11832,100006,AU,1088
12221,100006,AU,1089
99550,100006,AU,1090
20904,100006,AU,1092
37531,100006,AU,1093
98341,100006,AU,1094
60743,100006,AU,1095
55570,100006,AU,1096
36533,100006,AU,1115
44174,100006,AU,1119
20220,100006,AU,1120
41898,100006,AU,1121
27376,100006,AU,1122
76634,100006,AU,1123
35030,100006,AU,1124
50716,100006,AU,1125
48701,100006,AU,1126
60203,100006,AU,1127
53629,100006,AU,1128
34972,100006,AU,1129
52602,100006,AU,1130
97860,100006,AU,1131
33740,100006,AU,1132
96136,100006,AU,1133
81856,100006,AU,1134
48425,100006,AU,1135
18554,100006,AU,1136
86856,100006,AU,1137
52736,100006,AU,1138
14152,100006,AU,1139
64755,100006,AU,1140
41430,100006,AU,1141
86608,100006,AU,1142
71994,100006,AU,1143
61390,100006,AU,1144
56096,100006,AU,1145
14063,100006,AU,1146
71958,100006,AU,1147
95880,100006,AU,1148
27184,100006,AU,1149
36494,100006,AU,1150
30541,100006,AU,1151
83525,100006,AU,1152
44506,100006,AU,1153
32491,100006,AU,1154
95526,100006,AU,1155
79604,100006,AU,1156
90041,100006,AU,1157
46067,100006,AU,1158
96240,100006,AU,1159
49441,100006,AU,1160
18830,100006,AU,1161
10009,100006,AU,1162
56427,100006,AU,1163
89604,100006,AU,1164
35855,100006,AU,1165
96298,100006,AU,1166
73875,100006,AU,1167
57133,100006,AU,1168
93374,100006,AU,1169
70592,100006,AU,1170
34592,100006,AU,1172
58777,100006,AU,1173
54759,100006,AU,1174
66728,100006,AU,1175
77603,100006,AU,1176
17784,100006,AU,1177
40523,100006,AU,1178
94079,100006,AU,1179
82636,100006,AU,1180
60804,100006,AU,1181
19360,100006,AU,1182
81002,100006,AU,1183
26796,100006,AU,1184
32331,100006,AU,1185
77959,100006,AU,1186
44289,100006,AU,1187
92577,100006,AU,1188
99763,100006,AU,1189
48923,100006,AU,1191
25232,100006,AU,1192
78998,100006,AU,1193
78710,100006,AU,1194
46789,100006,AU,1195
10738,100006,AU,1196
12594,100006,AU,1197
71696,100006,AU,1198
38079,100006,AU,1199
20575,100006,AU,1200
27765,100006,AU,1201
91407,100006,AU,1202
51586,100006,AU,1203
85017,100006,AU,1204
90606,100006,AU,1205
99211,100006,AU,1207
99555,100006,AU,1208
85556,100006,AU,1209
84858,100006,AU,1210
90910,100006,AU,1211
66500,100006,AU,1213
10460,100006,AU,1214
53473,100006,AU,1215
65608,100006,AU,1216
39244,100006,AU,1218
25113,100006,AU,1219
86649,100006,AU,1220
56823,100006,AU,1221
69145,100006,AU,1222
62949,100006,AU,1223
67007,100006,AU,1224
61810,100006,AU,1225
27943,100006,AU,1226
80497,100006,AU,1227
36260,100006,AU,1228
19156,100006,AU,1229
72539,100006,AU,1230
65744,100006,AU,1231
39616,100006,AU,1232
36193,100006,AU,1233
56636,100006,AU,1234
77124,100006,AU,1235
17231,100006,AU,1236
68057,100006,AU,1237
14954,100006,AU,1239
26590,100006,AU,1240
32889,100006,AU,1241
67297,100006,AU,1242
31693,100006,AU,1243
56609,100006,AU,1244
46073,100006,AU,1245
27889,100006,AU,1246
99432,100006,AU,1249
11634,100006,AU,1250
35418,100006,AU,1252
61958,100006,AU,1257
20651,100006,AU,1259
83290,100006,AU,1260
11704,100006,AU,1262
40403,100006,AU,1263
92763,100006,AU,1264
44336,100006,AU,1265
28422,100006,AU,1266
53338,100006,AU,1269
15456,100006,AU,1270
61965,100006,AU,1271
42019,100006,AU,1273
52690,100006,AU,1274
61295,100006,AU,1275
60012,100006,AU,1276
31469,100006,AU,1277
86566,100006,AU,1279
54880,100006,AU,1280
31547,100006,AU,1281
61397,100006,AU,1283
78567,100006,AU,1285
81003,100006,AU,1286
27858,100006,AU,1288
59202,100006,AU,1289
31896,100006,AU,1290
68691,100006,AU,1291
28272,100006,AU,1292
10054,100006,AU,1293
20367,100006,AU,1294
37483,100006,AU,1295
96667,100006,AU,1296
16758,100006,AU,1297
65721,100006,AU,1299
94961,100006,AU,1301
55890,100006,AU,1302
15317,100006,AU,1303
80536,100006,AU,1304
51134,100006,AU,1306
54697,100006,AU,1309
87676,100006,AU,1310
77028,100006,AU,1312
31150,100006,AU,1314
65940,100006,AU,1315
60028,100006,AU,1316
52120,100006,AU,1317
62408,100006,AU,1318
63904,100006,AU,1320
71476,100006,AU,1321
75194,100006,AU,1322
83197,100006,AU,1325
58091,100006,AU,1326
38083,100006,AU,1329
39988,100006,AU,1330
67441,100006,AU,1334
65604,100006,AU,1335
95807,100006,AU,1336
27917,100006,AU,1337
43605,100006,AU,1338
74662,100006,AU,1339
52707,100006,AU,1340
61686,100006,AU,1344
53576,100006,AU,1345
96763,100006,AU,1346
21943,100006,AU,1347
82704,100006,AU,1348
66259,100006,AU,1349
98007,100006,AU,1351
84308,100006,AU,1352
15094,100006,AU,1353
18061,100006,AU,1354
70126,100006,AU,1355
85774,100006,AU,1356
94763,100006,AU,1358
29994,100006,AU,1360
44090,100006,AU,1362
59721,100006,AU,1366
75431,100006,AU,1368
10732,100006,AU,1369
85815,100006,AU,1372
79554,100006,AU,1373
13777,100006,AU,1375
77073,100006,AU,1376
90135,100006,AU,1378
10493,100006,AU,1380
62406,100006,AU,1381
10245,100006,AU,1382
56324,100006,AU,1383
76427,100006,AU,1386
30536,100006,AU,1387
83313,100006,AU,1388
45071,100006,AU,1389
95759,100006,AU,1390
18223,100006,AU,1391
80314,100006,AU,1393
19132,100006,AU,1394
60203,100006,AU,1395
37178,100006,AU,1396
16701,100006,AU,1397
89860,100006,AU,1398
88307,100006,AU,1399
40399,100006,AU,1400
70253,100006,AU,1401
69966,100006,AU,1402
37207,100006,AU,1403
63597,100006,AU,1404
10648,100006,AU,1405
85606,100006,AU,1406
40363,100006,AU,1407
73257,100006,AU,1408
95020,100006,AU,1409
99898,100006,AU,1410
51042,100006,AU,1411
90328,100006,AU,1412
63615,100006,AU,1413
53374,100006,AU,1414
25276,100006,AU,1415
82577,100006,AU,1417
94030,100006,AU,1418
74615,100006,AU,1419
26652,100006,AU,1420
24603,100006,AU,1421
98030,100006,AU,1422
64680,100006,AU,1423
98282,100006,AU,1424
91770,100006,AU,1425
16778,100006,AU,1426
30704,100006,AU,1427
15847,100006,AU,1428
95761,100006,AU,1429
84845,100006,AU,1430
23529,100006,AU,1431
85425,100006,AU,1432
89343,100006,AU,1433
76529,100006,AU,1434
94567,100006,AU,1435
33708,100006,AU,1436
78740,100006,AU,1437
48133,100006,AU,2002
35229,100006,AU,2003
32029,100006,AU,2004
23572,100006,AU,2007
47785,100006,AU,2009
55473,100006,AU,2010
94312,100006,AU,2011
36395,100006,AU,2016
50865,100006,AU,2017
70350,100006,AU,2018
61257,100006,AU,2019
15592,100006,AU,2020
47681,100006,AU,2022
98892,100006,AU,2023
85408,100006,AU,2024
20324,100006,AU,2025
13841,100006,AU,2026
54784,100006,AU,2027
42145,100006,AU,2028
18519,100006,AU,2030
40013,100006,AU,2040
77649,100006,AU,2046
88927,100006,AU,2048
53997,100006,AU,2052
85928,100006,AU,2053
61861,100006,AU,2054
31009,100006,AU,2056
64757,100006,AU,2058
98571,100006,AU,2061
99823,100006,AU,2062
38001,100006,AU,2064
75176,100006,AU,2065
70272,100006,AU,2066
96430,100006,AU,2067
33460,100006,AU,2068
75454,100006,AU,2069
93328,100006,AU,2070
87683,100006,AU,2071
99622,100006,AU,2072
94376,100006,AU,2073
75567,100006,AU,2074
73213,100006,AU,2075
91449,100006,AU,2077
40721,100006,AU,2078
82105,100006,AU,2079
86607,100006,AU,2080
91929,100006,AU,2081
68451,100006,AU,2082
43825,100006,AU,2083
43005,100006,AU,2084
27083,100006,AU,2085
31197,100006,AU,2086
11848,100006,AU,2087
57999,100006,AU,2090
65574,100006,AU,2091
99505,100006,AU,2092
56065,100006,AU,2093
27142,100006,AU,2094
66713,100006,AU,2095
71741,100006,AU,2096
95067,100006,AU,2097
94462,100006,AU,2098
10752,100006,AU,2099
84400,100006,AU,2100
37516,100006,AU,2101
41720,100006,AU,2102
69115,100006,AU,2103
77566,100006,AU,2105
33288,100006,AU,2106
95119,100006,AU,2107
47732,100006,AU,2108
92460,100006,AU,2109
68547,100006,AU,2110
41099,100006,AU,2111
64722,100006,AU,2112
35303,100006,AU,2113
35265,100006,AU,2114
79333,100006,AU,2115
20677,100006,AU,2116
14716,100006,AU,2117
61754,100006,AU,2118
27802,100006,AU,2119
54133,100006,AU,2120
19387,100006,AU,2121
92055,100006,AU,2122
16320,100006,AU,2123
71007,100006,AU,2124
91179,100006,AU,2125
60902,100006,AU,2126
33104,100006,AU,2127
49500,100006,AU,2128
26390,100006,AU,2129
18459,100006,AU,2131
98263,100006,AU,2132
16176,100006,AU,2133
41202,100006,AU,2134
78050,100006,AU,2135
37300,100006,AU,2136
25129,100006,AU,2137
66904,100006,AU,2138
85119,100006,AU,2141
65203,100006,AU,2142
33695,100006,AU,2143
14809,100006,AU,2144
45121,100006,AU,2145
94180,100006,AU,2146
45089,100006,AU,2147
59264,100006,AU,2148
17115,100006,AU,2149
40920,100006,AU,2150
96116,100006,AU,2151
53638,100006,AU,2152
60466,100006,AU,2153
33440,100006,AU,2154
28860,100006,AU,2155
89416,100006,AU,2156
57653,100006,AU,2157
11347,100006,AU,2158
69224,100006,AU,2159
98929,100006,AU,2160
40100,100006,AU,2161
81025,100006,AU,2162
16829,100006,AU,2164
58647,100006,AU,2165
78429,100006,AU,2166
70413,100006,AU,2167
60358,100006,AU,2168
45988,100006,AU,2169
98773,100006,AU,2170
61048,100006,AU,2171
43303,100006,AU,2172
64334,100006,AU,2173
53436,100006,AU,2174
32808,100006,AU,2175
71184,100006,AU,2176
14018,100006,AU,2177
77843,100006,AU,2178
62420,100006,AU,2179
96700,100006,AU,2180
43911,100006,AU,2181
38549,100006,AU,2182
61263,100006,AU,2183
23080,100006,AU,2185
34838,100006,AU,2187
41048,100006,AU,2188
69735,100006,AU,2189
39659,100006,AU,2190
38475,100006,AU,2191
47215,100006,AU,2192
72443,100006,AU,2193
77255,100006,AU,2194
18735,100006,AU,2195
37334,100006,AU,2197
21026,100006,AU,2201
85431,100006,AU,2203
79651,100006,AU,2204
39152,100006,AU,2205
80856,100006,AU,2208
71749,100006,AU,2209
57765,100006,AU,2210
67490,100006,AU,2211
50615,100006,AU,2212
45380,100006,AU,2213
78482,100006,AU,2214
27078,100006,AU,2215
91059,100006,AU,2216
34157,100006,AU,2217
95258,100006,AU,2219
79618,100006,AU,2220
10191,100006,AU,2221
59272,100006,AU,2222
56188,100006,AU,2223
15569,100006,AU,2224
87649,100006,AU,2225
84171,100006,AU,2226
89088,100006,AU,2228
47908,100006,AU,2229
84475,100006,AU,2230
53309,100006,AU,2231
61286,100006,AU,2232
77495,100006,AU,2234
51663,100006,AU,2235
59116,100006,AU,2236
67646,100006,AU,2237
88569,100006,AU,2238
13392,100006,AU,2239
14569,100006,AU,2240
33765,100006,AU,2241
32597,100006,AU,2242
61110,100006,AU,2243
86583,100006,AU,2244
76961,100006,AU,2245
99257,100006,AU,2246
54828,100006,AU,2247
97302,100006,AU,2248
41630,100006,AU,2249
10541,100006,AU,2250
96963,100006,AU,2252
32087,100006,AU,2253
40594,100006,AU,2254
82983,100006,AU,2255
36001,100006,AU,2256
98790,100006,AU,2257
82791,100006,AU,2258
46993,100006,AU,2259
69186,100006,AU,2260
89611,100006,AU,2261
45215,100006,AU,2262
72539,100006,AU,2263
42883,100006,AU,2264
62668,100006,AU,2265
30983,100006,AU,2266
16715,100006,AU,2267
31545,100006,AU,2268
58028,100006,AU,2269
82900,100006,AU,2270
62225,100006,AU,2272
46174,100006,AU,2273
69240,100006,AU,2274
66302,100006,AU,2275
81560,100006,AU,2277
25175,100006,AU,2278
88723,100006,AU,2279
41852,100006,AU,2280
52756,100006,AU,2281
39258,100006,AU,2282
38043,100006,AU,2283
50726,100006,AU,2285
29984,100006,AU,2286
14608,100006,AU,2287
21438,100006,AU,2288
77682,100006,AU,2289
25387,100006,AU,2290
15575,100006,AU,2291
87158,100006,AU,2292
51966,100006,AU,2293
70903,100006,AU,2294
58003,100006,AU,2295
94192,100006,AU,2296
47760,100006,AU,2300
29353,100006,AU,2301
24508,100006,AU,2302
13194,100006,AU,2303
89059,100006,AU,2304
13316,100006,AU,2305
78844,100006,AU,2307
26430,100006,AU,2308
73680,100006,AU,2309
36311,100006,AU,2311
70994,100006,AU,2312
75682,100006,AU,2313
78287,100006,AU,2314
47210,100006,AU,2316
91031,100006,AU,2317
13582,100006,AU,2318
13198,100006,AU,2319
49068,100006,AU,2320
95084,100006,AU,2321
94010,100006,AU,2322
62462,100006,AU,2323
70657,100006,AU,2324
28507,100006,AU,2325
55543,100006,AU,2326
97971,100006,AU,2327
24011,100006,AU,2328
77450,100006,AU,2329
85746,100006,AU,2330
45962,100006,AU,2331
42179,100006,AU,2332
53592,100006,AU,2333
19916,100006,AU,2334
66119,100006,AU,2335
77847,100006,AU,2336
56187,100006,AU,2338
45006,100006,AU,2343
91752,100006,AU,2344
23310,100006,AU,2346
39788,100006,AU,2347
40811,100006,AU,2348
30693,100006,AU,2350
76927,100006,AU,2352
82413,100006,AU,2354
13914,100006,AU,2356
36519,100006,AU,2357
20515,100006,AU,2359
83294,100006,AU,2361
41117,100006,AU,2362
47116,100006,AU,2363
77828,100006,AU,2364
30577,100006,AU,2367
93127,100006,AU,2368
74248,100006,AU,2369
54405,100006,AU,2371
75977,100006,AU,2372
83982,100006,AU,2373
79387,100006,AU,2374
81856,100006,AU,2375
63116,100006,AU,2376
79909,100006,AU,2377
38198,100006,AU,2378
98858,100006,AU,2379
15450,100006,AU,2382
84324,100006,AU,2383
99251,100006,AU,3001
11345,100006,AU,3002
31162,100006,AU,3003
38764,100006,AU,3004
92178,100006,AU,3005
34159,100006,AU,3006
56585,100006,AU,3007
36478,100006,AU,3008
42469,100006,AU,3009
31808,100006,AU,3010
46456,100006,AU,3011
62397,100006,AU,3012
54580,100006,AU,3013
27489,100006,AU,3014
29691,100006,AU,3015
83326,100006,AU,3016
88656,100006,AU,3018
33473,100006,AU,3019
17822,100006,AU,3020
79111,100006,AU,3021
49391,100006,AU,3022
99305,100006,AU,3025
63198,100006,AU,3026
55650,100006,AU,3027
47263,100006,AU,3028
42589,100006,AU,3030
74266,100006,AU,3031
82173,100006,AU,3032
64435,100006,AU,3034
28868,100006,AU,3035
73962,100006,AU,3036
21509,100006,AU,3037
16579,100006,AU,3039
89408,100006,AU,3040
12315,100006,AU,3041
29646,100006,AU,3043
93171,100006,AU,3045
53918,100006,AU,3047
70483,100006,AU,3048
90323,100006,AU,3051
86511,100006,AU,3054
20315,100006,AU,3055
87874,100006,AU,3057
23799,100006,AU,3058
59677,100006,AU,3059
30092,100006,AU,3061
95075,100006,AU,3062
14324,100006,AU,3065
53162,100006,AU,3068
45567,100006,AU,3070
53580,100006,AU,3071
78909,100006,AU,3072
77910,100006,AU,3073
36683,100006,AU,3074
61476,100006,AU,3075
68999,100006,AU,3077
90070,100006,AU,3078
27819,100006,AU,3079
28328,100006,AU,3080
87048,100006,AU,3081
97787,100006,AU,3082
35661,100006,AU,3084
66622,100006,AU,3085
39972,100006,AU,3086
40867,100006,AU,3087
19718,100006,AU,3088
93040,100006,AU,3089
82668,100006,AU,3090
80823,100006,AU,3091
77736,100006,AU,3092
65082,100006,AU,3093
81430,100006,AU,3094
45237,100006,AU,3095
58331,100006,AU,4000
34950,100006,AU,4002
11518,100006,AU,4008
80500,100006,AU,4016
12049,100006,AU,4020
18645,100006,AU,4022
17583,100006,AU,4026
10051,100006,AU,4027
73302,100006,AU,4028
10986,100006,AU,4034
80491,100006,AU,4036
34097,100006,AU,4037
24777,100006,AU,4039
27551,100006,AU,4040
33048,100006,AU,4041
69007,100006,AU,4042
63002,100006,AU,4043
49741,100006,AU,4044
49007,100006,AU,4045
98332,100006,AU,4046
41891,100006,AU,4047
82073,100006,AU,4048
77228,100006,AU,4049
87900,100006,AU,4050
15043,100006,AU,4051
38573,100006,AU,4052
12748,100006,AU,4053
60961,100006,AU,4054
35813,100006,AU,4055
11339,100006,AU,4057
78557,100006,AU,4058
54540,100006,AU,4059
54400,100006,AU,4060
45642,100006,AU,4061
89910,100006,AU,4062
17879,100006,AU,4064
38278,100006,AU,4065
41384,100006,AU,4066
28765,100006,AU,4067
17094,100006,AU,4068
22879,100006,AU,4069
49457,100006,AU,4070
71629,100006,AU,4071
80586,100006,AU,4072
75385,100006,AU,4073
76156,100006,AU,4074
53212,100006,AU,4075
19617,100006,AU,4076
55215,100006,AU,4077
11503,100006,AU,4078
47791,100006,AU,4079
40091,100006,AU,4080
63543,100006,AU,4081
74131,100006,AU,4082
58448,100006,AU,4083
91049,100006,AU,4084
83367,100006,AU,4085
74229,100006,AU,4086
55029,100006,AU,4087
12079,100006,AU,4088
37377,100006,AU,4089
13249,100006,AU,4090
89302,100006,AU,4091
65321,100006,AU,4092
19125,100006,AU,4093
76352,100006,AU,4094
39598,100006,AU,4095
99192,100006,AU,4096
38948,100006,AU,4097
69258,100006,AU,4098
94452,100006,AU,4099
85048,100006,AU,4100
53256,100006,AU,4101
69466,100006,AU,4102
32553,100006,AU,4103
51738,100006,AU,4104
22449,100006,AU,4105
70107,100006,AU,4106
59809,100006,AU,4107
12789,100006,AU,4108
67929,100006,AU,4109
79598,100006,AU,4110
74900,100006,AU,4111
77157,100006,AU,4112
83448,100006,AU,4113
48607,100006,AU,4114
50761,100006,AU,4115
61564,100006,AU,4116
52989,100006,AU,4117
81359,100006,AU,4118
75276,100006,AU,4119
88083,100006,AU,4120
65794,100006,AU,4121
25115,100006,AU,4122
49960,100006,AU,4123
58602,100006,AU,4124
48548,100006,AU,4125
67857,100006,AU,4126
49943,100006,AU,4128
43739,100006,AU,4129
31645,100006,AU,4131
42393,100006,AU,4133
27005,100006,AU,4134
98338,100006,AU,4135
24974,100006,AU,4136
89661,100006,AU,4137
59801,100006,AU,4138
63076,100006,AU,4139
71527,100006,AU,4140
69554,100006,AU,4141
71459,100006,AU,4142
37973,100006,AU,4143
94348,100006,AU,4144
69744,100006,AU,4145
46914,100006,AU,4146
82249,100006,AU,4147
44097,100006,AU,4148
82705,100006,AU,4149
59496,100006,AU,4150
67093,100006,AU,4151
38509,100006,AU,4152
81630,100006,AU,4153
42108,100006,AU,4154
84436,100006,AU,4155
86452,100006,AU,4156
46551,100006,AU,4157
17980,100006,AU,4163
40567,100006,AU,4164
18032,100006,AU,4166
41649,100006,AU,4169
60506,100006,AU,4170
44489,100006,AU,4172
15791,100006,AU,4173
48581,100006,AU,4174
77271,100006,AU,4177
27943,100006,AU,4180
89557,100006,AU,4182
87791,100006,AU,4183
41380,100006,AU,4184
26266,100006,AU,4185
91622,100006,AU,4186
11919,100006,AU,4187
83409,100006,AU,4189
18203,100006,AU,4191
80668,100006,AU,4194
29660,100006,AU,4195
16961,100006,AU,4196
57638,100006,AU,4197
28592,100006,AU,4198
40012,100006,AU,4200
64257,100006,AU,4202
38664,100006,AU,4203
53538,100006,AU,4205
85796,100006,AU,4207
36121,100006,AU,4208
60643,100006,AU,4209
37117,100006,AU,4210
27908,100006,AU,4211
55085,100006,AU,4212
23643,100006,AU,4213
55049,100006,AU,4215
63896,100006,AU,4216
22285,100006,AU,4217
77028,100006,AU,4218
13196,100006,AU,4219
92475,100006,AU,4220
73594,100006,AU,4221
16511,100006,AU,4222
72488,100006,AU,4223
17443,100006,AU,4225
87637,100006,AU,4226
10246,100006,AU,4227
98991,100006,AU,4228
76849,100006,AU,4229
17284,100006,AU,4230
33967,100006,AU,4231
55042,100006,AU,4232
29950,100006,AU,4233
93951,100006,AU,4235
12863,100006,AU,4237
50004,100006,AU,4238
81590,100006,AU,4239
44882,100006,AU,4240
19911,100006,AU,4241
97651,100006,AU,4242
11643,100006,AU,4243
81488,100006,AU,4245
12623,100006,AU,4246
83359,100006,AU,4247
60604,100006,AU,4248
42047,100006,AU,4249
72188,100006,AU,4250
28558,100006,AU,4251
46181,100006,AU,4252
93534,100006,AU,4253
87581,100006,AU,4254
17453,100006,AU,4256
88349,100006,AU,4257
88506,100006,AU,4258
63710,100006,AU,4259
36456,100006,AU,4260
28657,100006,AU,4261
24263,100006,AU,4262
18158,100006,AU,4263
91157,100006,AU,4264
57247,100006,AU,4265
62471,100006,AU,4266
70452,100006,AU,4267
68713,100006,AU,4269
47527,100006,AU,4270
53652,100006,AU,4271
21443,100006,AU,4273
20564,100006,AU,4274
30111,100006,AU,4275
23609,100006,AU,4278
11310,100006,AU,4279
14371,100006,AU,4280
29937,100006,AU,4282
78971,100006,AU,4283
73958,100006,AU,4284
40344,100006,AU,4285
43187,100006,AU,4286
63723,100006,AU,4288
62895,100006,AU,4289
48205,100006,AU,4290
66780,100006,AU,4291
59210,100006,AU,4292
26458,100006,AU,4293
30657,100006,AU,4296
99712,100006,AU,4297
71563,100006,AU,4298
31616,100006,AU,4299
20480,100006,AU,4300
42744,100006,AU,4301
49092,100006,AU,4302
93072,100006,AU,4303
17000,100006,AU,4304
35342,100006,AU,4305
24854,100006,AU,4306
96379,100006,AU,4308
31361,100006,AU,4309
13537,100006,AU,4310
82007,100006,AU,4311
19111,100006,AU,4312
88694,100006,AU,4313
94041,100006,AU,4314
51004,100006,AU,4315
29076,100006,AU,4316
22616,100006,AU,4317
14183,100006,AU,4318
31402,100006,AU,4319
97403,100006,AU,4320
60113,100006,AU,4321
11332,100006,AU,4322
63455,100006,AU,4323
46642,100006,AU,4324
42194,100006,AU,4325
41960,100006,AU,4326
50551,100006,AU,4327
35920,100006,AU,4328
16197,100006,AU,4329
69621,100006,AU,4330
68164,100006,AU,4331
77089,100006,AU,4332
65041,100006,AU,4333
18895,100006,AU,4334
31659,100006,AU,4335
42170,100006,AU,4336
45657,100006,AU,4337
31329,100006,AU,4338
14673,100006,AU,4339
33026,100006,AU,4340
69006,100006,AU,4341
66128,100006,AU,8101
18350,100006,AU,8201
96099,100006,AU,8401
54169,100044,AU,1001
47445,100044,AU,1002
66461,100044,AU,1003
70967,100044,AU,1004
97723,100044,AU,1005
12154,100044,AU,1006
70600,100044,AU,1007
32248,100044,AU,1008
21186,100044,AU,1009
83793,100044,AU,1010
50434,100044,AU,1012
88996,100044,AU,1014
70511,100044,AU,1016
56834,100044,AU,1017
61628,100044,AU,1019
88270,100044,AU,1020
97768,100044,AU,1021
49949,100044,AU,1022
40827,100044,AU,1023
20081,100044,AU,1026
23291,100044,AU,1027
26782,100044,AU,1029
29003,100044,AU,1031
49167,100044,AU,1033
46461,100044,AU,1036
98019,100044,AU,1040
97943,100044,AU,1042
31793,100044,AU,1045
45837,100044,AU,1046
96637,100044,AU,1047
11901,100044,AU,1051
29655,100044,AU,1053
32550,100044,AU,1056
15514,100044,AU,1057
36686,100044,AU,1058
90682,100044,AU,1059
13922,100044,AU,1060
35982,100044,AU,1061
15129,100044,AU,1062
19136,100044,AU,1063
70184,100044,AU,1064
81431,100044,AU,1065
31470,100044,AU,1066
21889,100044,AU,1067
94573,100044,AU,1068
42210,100044,AU,1069
50515,100044,AU,1070
45707,100044,AU,1071
47031,100044,AU,1072
62568,100044,AU,1073
59598,100044,AU,1076
66075,100044,AU,1078
84472,100044,AU,1079
29952,100044,AU,1081
45813,100044,AU,1082
74802,100044,AU,1083
86251,100044,AU,1084
15679,100044,AU,1085
70503,100044,AU,1087
32149,100044,AU,1088
67243,100044,AU,1089
23918,100044,AU,1090
89473,100044,AU,1092
29527,100044,AU,1093
56741,100044,AU,1094
66024,100044,AU,1095
43575,100044,AU,1096
41381,100044,AU,1115
45654,100044,AU,1119
37021,100044,AU,1120
83559,100044,AU,1121
73493,100044,AU,1122
81486,100044,AU,1123
65481,100044,AU,1124
73446,100044,AU,1125
34971,100044,AU,1126
18558,100044,AU,1127
24350,100044,AU,1128
60262,100044,AU,1129
14599,100044,AU,1130
73691,100044,AU,1131
67553,100044,AU,1132
68137,100044,AU,1133
84255,100044,AU,1134
97756,100044,AU,1135
79295,100044,AU,1136
73641,100044,AU,1137
31244,100044,AU,1138
30429,100044,AU,1139
68340,100044,AU,1140
59426,100044,AU,1141
18218,100044,AU,1142
26026,100044,AU,1143
84040,100044,AU,1144
98508,100044,AU,1145
54957,100044,AU,1146
75463,100044,AU,1147
12358,100044,AU,1148
62472,100044,AU,1149
15494,100044,AU,1150
58881,100044,AU,1151
22203,100044,AU,1152
96598,100044,AU,1153
60227,100044,AU,1154
67586,100044,AU,1155
71687,100044,AU,1156
23452,100044,AU,1157
92195,100044,AU,1158
20244,100044,AU,1159
51546,100044,AU,1160
20239,100044,AU,1161
42958,100044,AU,1162
71303,100044,AU,1163
16363,100044,AU,1164
40458,100044,AU,1165
21047,100044,AU,1166
45573,100044,AU,1167
74068,100044,AU,1168
80283,100044,AU,1169
97322,100044,AU,1170
75161,100044,AU,1172
85017,100044,AU,1173
54293,100044,AU,1174
13574,100044,AU,1175
74734,100044,AU,1176
99619,100044,AU,1177
79377,100044,AU,1178
90368,100044,AU,1179
41560,100044,AU,1180
62544,100044,AU,1181
45159,100044,AU,1182
56565,100044,AU,1183
75228,100044,AU,1184
21397,100044,AU,1185
33718,100044,AU,1186
39995,100044,AU,1187
75093,100044,AU,1188
10631,100044,AU,1189
20196,100044,AU,1191
84208,100044,AU,1192
77896,100044,AU,1193
68032,100044,AU,1194
84336,100044,AU,1195
48739,100044,AU,1196
45096,100044,AU,1197
82573,100044,AU,1198
74207,100044,AU,1199
99246,100044,AU,1200
53831,100044,AU,1201
41943,100044,AU,1202
65546,100044,AU,1203
67543,100044,AU,1204
60319,100044,AU,1205
65081,100044,AU,1207
11418,100044,AU,1208
16839,100044,AU,1209
74037,100044,AU,1210
48276,100044,AU,1211
77392,100044,AU,1213
71805,100044,AU,1214
91482,100044,AU,1215
17617,100044,AU,1216
55658,100044,AU,1218
93334,100044,AU,1219
46251,100044,AU,1220
84047,100044,AU,1221
73774,100044,AU,1222
20944,100044,AU,1223
37460,100044,AU,1224
52413,100044,AU,1225
69335,100044,AU,1226
84248,100044,AU,1227
18509,100044,AU,1228
42258,100044,AU,1229
88493,100044,AU,1230
54071,100044,AU,1231
67724,100044,AU,1232
85724,100044,AU,1233
19615,100044,AU,1234
40129,100044,AU,1235
16071,100044,AU,1236
11728,100044,AU,1239
52020,100044,AU,1240
47842,100044,AU,1241
68339,100044,AU,1242
32362,100044,AU,1243
55889,100044,AU,1244
13876,100044,AU,1245
11219,100044,AU,1246
22342,100044,AU,1249
49550,100044,AU,1250
81119,100044,AU,1252
48874,100044,AU,1257
97514,100044,AU,1259
78599,100044,AU,1260
33166,100044,AU,1262
88338,100044,AU,1263
54730,100044,AU,1264
91361,100044,AU,1265
25650,100044,AU,1266
79195,100044,AU,1269
46502,100044,AU,1270
28161,100044,AU,1271
16018,100044,AU,1273
38036,100044,AU,1274
55384,100044,AU,1275
26211,100044,AU,1276
22025,100044,AU,1277
93325,100044,AU,1279
82561,100044,AU,1280
56030,100044,AU,1281
99841,100044,AU,1283
13039,100044,AU,1285
71548,100044,AU,1286
45123,100044,AU,1288
17340,100044,AU,1289
23486,100044,AU,1290
67720,100044,AU,1291
40339,100044,AU,1292
96926,100044,AU,1293
49831,100044,AU,1294
49354,100044,AU,1295
61201,100044,AU,1296
91845,100044,AU,1297
90208,100044,AU,1299
76633,100044,AU,1301
26837,100044,AU,1302
67145,100044,AU,1303
97938,100044,AU,1304
31015,100044,AU,1306
50652,100044,AU,1309
90236,100044,AU,1310
62493,100044,AU,1312
28261,100044,AU,1314
26470,100044,AU,1315
82085,100044,AU,1316
96833,100044,AU,1317
68369,100044,AU,1318
25337,100044,AU,1320
75494,100044,AU,1321
99504,100044,AU,1322
93630,100044,AU,1325
37083,100044,AU,1326
65828,100044,AU,1329
83555,100044,AU,1330
29427,100044,AU,1334
30921,100044,AU,1335
75346,100044,AU,1336
81220,100044,AU,1337
63728,100044,AU,1338
35339,100044,AU,1339
94493,100044,AU,1340
97271,100044,AU,1344
31003,100044,AU,1345
56680,100044,AU,1346
82899,100044,AU,2002
11573,100044,AU,2003
92374,100044,AU,2004
85214,100044,AU,2007
77241,100044,AU,2009
17403,100044,AU,2010
36725,100044,AU,2011
93928,100044,AU,2016
86960,100044,AU,2017
69009,100044,AU,2018
40860,100044,AU,2019
86350,100044,AU,2020
19108,100044,AU,2022
12091,100044,AU,2023
22624,100044,AU,2024
84342,100044,AU,2025
71334,100044,AU,2026
63627,100044,AU,2027
40764,100044,AU,2028
63594,100044,AU,2030
33366,100044,AU,2040
17545,100044,AU,2046
99758,100044,AU,2048
28599,100044,AU,2052
69707,100044,AU,2053
81057,100044,AU,2054
35500,100044,AU,2056
10496,100044,AU,2058
66284,100044,AU,2061
87044,100044,AU,2062
29210,100044,AU,2064
70824,100044,AU,2065
15427,100044,AU,2066
91961,100044,AU,2067
94076,100044,AU,2068
25850,100044,AU,2069
57164,100044,AU,2070
53794,100044,AU,2071
43489,100044,AU,2072
55349,100044,AU,2073
76019,100044,AU,2074
73469,100044,AU,2075
30206,100044,AU,2077
62634,100044,AU,2078
27484,100044,AU,2079
22356,100044,AU,2080
70941,100044,AU,2081
19084,100044,AU,2082
26227,100044,AU,2083
83902,100044,AU,2084
35884,100044,AU,2085
34036,100044,AU,2086
38628,100044,AU,2087
10948,100044,AU,2090
16987,100044,AU,2091
50504,100044,AU,2092
59621,100044,AU,2093
45659,100044,AU,2094
51804,100044,AU,2095
46793,100044,AU,2096
81058,100044,AU,2097
58850,100044,AU,2098
15034,100044,AU,2099
84765,100044,AU,2100
46044,100044,AU,2101
99589,100044,AU,2102
78686,100044,AU,2103
83529,100044,AU,2105
27235,100044,AU,2106
80758,100044,AU,2107
41182,100044,AU,2108
68081,100044,AU,2109
10143,100044,AU,2110
15416,100044,AU,2111
62232,100044,AU,2112
92635,100044,AU,2113
89518,100044,AU,2114
86098,100044,AU,2115
75350,100044,AU,2116
81916,100044,AU,2117
52765,100044,AU,2118
28371,100044,AU,2119
74732,100044,AU,2120
58749,100044,AU,2121
14222,100044,AU,2122
84222,100044,AU,2123
58381,100044,AU,2124
61364,100044,AU,2125
36797,100044,AU,2126
22859,100044,AU,2127
44406,100044,AU,2128
33415,100044,AU,2129
25620,100044,AU,2131
23514,100044,AU,2132
27087,100044,AU,2133
57960,100044,AU,2134
34046,100044,AU,2135
62213,100044,AU,2136
84804,100044,AU,2137
48275,100044,AU,2138
13682,100044,AU,2141
74849,100044,AU,2142
42014,100044,AU,2143
14151,100044,AU,2144
36107,100044,AU,2145
95917,100044,AU,2146
29948,100044,AU,2147
32505,100044,AU,2148
32340,100044,AU,2149
65463,100044,AU,2150
55814,100044,AU,2151
18191,100044,AU,2152
58434,100044,AU,2153
44950,100044,AU,2154
97563,100044,AU,2155
15154,100044,AU,2156
83425,100044,AU,2157
82210,100044,AU,2158
45262,100044,AU,2159
26299,100044,AU,2160
93814,100044,AU,2161
91120,100044,AU,2162
50369,100044,AU,2164
41064,100044,AU,2165
89317,100044,AU,2166
80316,100044,AU,2167
96974,100044,AU,2168
66399,100044,AU,2169
55432,100044,AU,2170
31189,100044,AU,2171
81390,100044,AU,2172
48938,100044,AU,2173
13467,100044,AU,2174
45710,100044,AU,2175
49595,100044,AU,2176
38609,100044,AU,2177
81506,100044,AU,2178
80131,100044,AU,2179
28567,100044,AU,2180
60484,100044,AU,2181
97378,100044,AU,2182
96131,100044,AU,2183
35325,100044,AU,2185
46513,100044,AU,2187
70154,100044,AU,2188
84260,100044,AU,2189
56902,100044,AU,2190
58170,100044,AU,2191
90839,100044,AU,2192
28937,100044,AU,2193
76183,100044,AU,2194
81199,100044,AU,2195
37879,100044,AU,2197
74760,100044,AU,2201
18532,100044,AU,2203
51975,100044,AU,2204
65011,100044,AU,2205
86737,100044,AU,2208
60923,100044,AU,2209
50190,100044,AU,2210
10548,100044,AU,2211
29955,100044,AU,2212
11830,100044,AU,2213
62255,100044,AU,2214
72170,100044,AU,2215
97690,100044,AU,2216
84439,100044,AU,2217
59800,100044,AU,2219
84500,100044,AU,2220
53267,100044,AU,2221
35517,100044,AU,2222
81716,100044,AU,2223
24074,100044,AU,2224
52799,100044,AU,2225
41343,100044,AU,2226
91141,100044,AU,2228
89471,100044,AU,2229
94495,100044,AU,2230
17291,100044,AU,2231
39905,100044,AU,2232
66342,100044,AU,2234
95298,100044,AU,2235
14451,100044,AU,2236
36226,100044,AU,2237
13135,100044,AU,2238
77312,100044,AU,2239
75691,100044,AU,2240
15444,100044,AU,2242
89417,100044,AU,2243
99125,100044,AU,2244
60785,100044,AU,2245
77539,100044,AU,2246
35400,100044,AU,2247
34162,100044,AU,2248
31798,100044,AU,2249
49725,100044,AU,2250
19361,100044,AU,2252
42104,100044,AU,2253
82148,100044,AU,2254
43185,100044,AU,2255
23628,100044,AU,2256
37522,100044,AU,2257
67267,100044,AU,2258
14075,100044,AU,2259
43410,100044,AU,2260
98613,100044,AU,2261
67506,100044,AU,2262
36213,100044,AU,2263
10518,100044,AU,2264
88900,100044,AU,2265
12235,100044,AU,2266
30731,100044,AU,2267
35547,100044,AU,2268
52315,100044,AU,2269
96560,100044,AU,2270
89382,100044,AU,2272
68221,100044,AU,2273
95783,100044,AU,2274
48953,100044,AU,2275
81217,100044,AU,2277
80557,100044,AU,2278
72153,100044,AU,2279
86328,100044,AU,2280
85952,100044,AU,2281
40551,100044,AU,2282
30370,100044,AU,2283
36059,100044,AU,2285
26658,100044,AU,2286
93655,100044,AU,2287
80336,100044,AU,2288
66890,100044,AU,2289
47812,100044,AU,2290
59093,100044,AU,2291
75733,100044,AU,2292
96907,100044,AU,2293
53206,100044,AU,2294
72063,100044,AU,2295
95080,100044,AU,2296
46614,100044,AU,2301
94660,100044,AU,2302
93630,100044,AU,2303
51912,100044,AU,2304
64725,100044,AU,2305
56658,100044,AU,2308
19308,100044,AU,2309
56169,100044,AU,4000
89654,100044,AU,4002
50448,100044,AU,4008
52943,100044,AU,4016
24705,100044,AU,4020
84422,100044,AU,4022
69465,100044,AU,4026
55632,100044,AU,4027
73010,100044,AU,4028
18889,100044,AU,4034
16282,100044,AU,4036
59564,100044,AU,4037
65806,100044,AU,4039
60316,100044,AU,4040
12829,100044,AU,4041
37527,100044,AU,4042
54555,100044,AU,4043
38481,100044,AU,4044
53526,100044,AU,4045
77563,100044,AU,4046
58489,100044,AU,4047
58093,100044,AU,4048
47430,100044,AU,4049
97123,100044,AU,4050
82228,100044,AU,4051
63786,100044,AU,4052
77700,100044,AU,4053
10441,100044,AU,4054
67104,100044,AU,4055
73477,100044,AU,4057
67055,100044,AU,4058
14698,100044,AU,4059
61925,100044,AU,4060
62899,100044,AU,4061
73379,100044,AU,4062
62875,100044,AU,4064
26962,100044,AU,4065
37590,100044,AU,4066
17703,100044,AU,4067
77756,100044,AU,4068
68571,100044,AU,4069
19024,100044,AU,4070
94781,100044,AU,4071
31407,100044,AU,4072
73759,100044,AU,4073
29428,100044,AU,4074
69852,100044,AU,4075
63916,100044,AU,4076
39820,100044,AU,4077
36826,100044,AU,4078
60915,100044,AU,4079
90977,100044,AU,4080
84034,100044,AU,4081
31030,100044,AU,4082
79402,100044,AU,4083
79403,100044,AU,4084
39668,100044,AU,4085
83938,100044,AU,4086
73748,100044,AU,4087
58340,100044,AU,4088
82066,100044,AU,4089
52472,100044,AU,4090
84847,100044,AU,4091
21322,100044,AU,4092
60971,100044,AU,4093
65790,100044,AU,4094
32465,100044,AU,4095
20820,100044,AU,4096
92486,100044,AU,4097
83336,100044,AU,4098
39251,100044,AU,4099
78369,100044,AU,4100
38562,100044,AU,4101
26148,100044,AU,4102
33918,100044,AU,4103
16053,100044,AU,4104
18644,100044,AU,4105
46476,100044,AU,4106
36052,100044,AU,4107
90693,100044,AU,4108
66071,100044,AU,4109
48207,100044,AU,4110
72684,100044,AU,4111
24716,100044,AU,4112
21383,100044,AU,4113
73231,100044,AU,4114
23753,100044,AU,4115
57033,100044,AU,4116
35289,100044,AU,4117
52063,100044,AU,4118
89444,100044,AU,4119
83682,100044,AU,4120
28979,100044,AU,4121
20995,100044,AU,4122
11932,100044,AU,4123
94312,100044,AU,4124
77723,100044,AU,4125
44822,100044,AU,4126
92819,100044,AU,4128
99213,100044,AU,4129
70286,100044,AU,4133
61208,100044,AU,4134
88077,100044,AU,4135
38482,100044,AU,4136
75085,100044,AU,4137
80029,100044,AU,4138
29783,100044,AU,4139
61414,100044,AU,4140
37392,100044,AU,4141
68926,100044,AU,4142
81555,100044,AU,4143
45778,100044,AU,4144
62643,100044,AU,4145
89923,100044,AU,4146
81326,100044,AU,4147
59457,100044,AU,4148
86103,100044,AU,4149
62109,100044,AU,4150
58891,100044,AU,4151
49248,100044,AU,4152
75456,100044,AU,4153
24985,100044,AU,4154
11580,100044,AU,4155
23689,100044,AU,4156
15663,100044,AU,4157
31920,100044,AU,4163
34641,100044,AU,4164
63424,100044,AU,4166
32382,100044,AU,4169
66536,100044,AU,4170
11809,100044,AU,4172
18279,100044,AU,4173
91992,100044,AU,4174
75434,100044,AU,4177
77312,100044,AU,4180
75970,100044,AU,4182
94602,100044,AU,4183
27241,100044,AU,4184
59451,100044,AU,4185
50264,100044,AU,4186
29116,100044,AU,4187
26363,100044,AU,4189
21673,100044,AU,4191
23272,100044,AU,4194
56682,100044,AU,4195
38912,100044,AU,4196
78188,100044,AU,4197
93678,100044,AU,4198
99379,100044,AU,4200
89268,100044,AU,4202
95998,100044,AU,4203
69629,100044,AU,4205
47917,100044,AU,4207
98717,100044,AU,8101
47389,100044,AU,9000
63970,100051,AU,8101
50120,100051,AU,8201
83014,100051,AU,8401
85317,100087,AU,1001
81836,100087,AU,1002
28232,100087,AU,1003
61630,100087,AU,1004
71143,100087,AU,1005
48599,100087,AU,1006
78094,100087,AU,1007
90339,100087,AU,1008
31865,100087,AU,1009
64510,100087,AU,1010
96684,100087,AU,1012
54076,100087,AU,1014
10842,100087,AU,1016
35139,100087,AU,1017
70828,100087,AU,1019
91893,100087,AU,1020
99306,100087,AU,1021
51849,100087,AU,1022
86583,100087,AU,1023
23141,100087,AU,1026
58389,100087,AU,1027
74984,100087,AU,1029
77668,100087,AU,1031
20365,100087,AU,1033
71550,100087,AU,1036
36755,100087,AU,1040
19978,100087,AU,1042
97046,100087,AU,1045
68092,100087,AU,1046
80341,100087,AU,1047
86643,100087,AU,1051
42609,100087,AU,1053
80291,100087,AU,1056
54188,100087,AU,1057
52584,100087,AU,1058
88323,100087,AU,1059
23302,100087,AU,1060
29411,100087,AU,1061
26696,100087,AU,1062
69351,100087,AU,1063
72997,100087,AU,1064
50549,100087,AU,1065
87818,100087,AU,1066
77357,100087,AU,1067
43393,100087,AU,1068
35964,100087,AU,1069
13329,100087,AU,1070
63972,100087,AU,1071
13361,100087,AU,1072
30482,100087,AU,1073
56621,100087,AU,1076
39245,100087,AU,1078
97119,100087,AU,1079
23643,100087,AU,1081
33963,100087,AU,1082
43850,100087,AU,1083
31865,100087,AU,1084
81939,100087,AU,1085
82037,100087,AU,1087
96743,100087,AU,1088
13085,100087,AU,1089
64271,100087,AU,1090
29556,100087,AU,1092
42296,100087,AU,1093
20140,100087,AU,1094
59684,100087,AU,1095
63919,100087,AU,1096
90060,100087,AU,1115
29932,100087,AU,1119
22170,100087,AU,1120
71574,100087,AU,1121
37535,100087,AU,1122
36200,100087,AU,1123
64907,100087,AU,1124
67522,100087,AU,1125
55881,100087,AU,1126
44605,100087,AU,1127
58014,100087,AU,1128
57772,100087,AU,1129
60185,100087,AU,1130
25954,100087,AU,1131
31042,100087,AU,1132
76420,100087,AU,1133
46268,100087,AU,1134
29381,100087,AU,1135
91889,100087,AU,1136
84925,100087,AU,1137
41846,100087,AU,1138
82937,100087,AU,1139
51215,100087,AU,1140
31762,100087,AU,1141
22001,100087,AU,1142
22463,100087,AU,1143
31995,100087,AU,1144
91776,100087,AU,1145
10556,100087,AU,1146
80814,100087,AU,1147
50094,100087,AU,1148
95400,100087,AU,1149
94214,100087,AU,1150
74782,100087,AU,1151
52463,100087,AU,1152
46342,100087,AU,1153
89138,100087,AU,1154
57547,100087,AU,1155
41593,100087,AU,1156
58941,100087,AU,1157
78313,100087,AU,1158
48926,100087,AU,1159
30589,100087,AU,1160
10920,100087,AU,1161
21682,100087,AU,1162
53633,100087,AU,1163
24046,100087,AU,1164
31125,100087,AU,1165
32532,100087,AU,1166
78965,100087,AU,1167
67365,100087,AU,1168
40598,100087,AU,1169
18139,100087,AU,1170
39114,100087,AU,1172
11291,100087,AU,1173
76330,100087,AU,1174
61302,100087,AU,1175
37448,100087,AU,1176
34897,100087,AU,1177
75595,100087,AU,1178
63155,100087,AU,1179
30955,100087,AU,1180
75333,100087,AU,1181
80797,100087,AU,1182
94524,100087,AU,1183
26010,100087,AU,1184
14854,100087,AU,1185
38051,100087,AU,1186
86448,100087,AU,1187
24229,100087,AU,1188
41328,100087,AU,1189
24857,100087,AU,1191
22068,100087,AU,1192
21770,100087,AU,1193
32326,100087,AU,1194
61159,100087,AU,1195
92192,100087,AU,1196
83453,100087,AU,1197
76340,100087,AU,1198
20284,100087,AU,1199
19637,100087,AU,1200
44428,100087,AU,1201
16474,100087,AU,1202
53747,100087,AU,1203
45214,100087,AU,1204
70764,100087,AU,1205
18410,100087,AU,1207
81187,100087,AU,1208
15387,100087,AU,1209
91861,100087,AU,1210
85056,100087,AU,1211
12896,100087,AU,1213
69335,100087,AU,1214
19847,100087,AU,1215
17633,100087,AU,1216
14524,100087,AU,1218
15511,100087,AU,1219
18459,100087,AU,1220
88015,100087,AU,1221
38111,100087,AU,1222
94028,100087,AU,1223
16987,100087,AU,1224
81702,100087,AU,1225
55202,100087,AU,1226
66174,100087,AU,1227
56226,100087,AU,1228
11218,100087,AU,1229
62436,100087,AU,1230
37582,100087,AU,1231
83143,100087,AU,1232
13466,100087,AU,1233
77678,100087,AU,1234
98113,100087,AU,1235
85983,100087,AU,1236
59363,100087,AU,1239
87882,100087,AU,1240
10683,100087,AU,1241
87106,100087,AU,1242
61675,100087,AU,1243
86533,100087,AU,1244
65858,100087,AU,1245
95059,100087,AU,1246
10228,100087,AU,1249
47566,100087,AU,1250
34722,100087,AU,1252
91390,100087,AU,1257
80913,100087,AU,1259
98928,100087,AU,1260
17670,100087,AU,1262
87728,100087,AU,1263
41846,100087,AU,1264
78083,100087,AU,1265
24096,100087,AU,1266
91916,100087,AU,1269
63565,100087,AU,1270
70757,100087,AU,1271
73422,100087,AU,1273
64367,100087,AU,1274
90196,100087,AU,1275
54668,100087,AU,1276
97355,100087,AU,1277
23827,100087,AU,1279
22140,100087,AU,1280
25367,100087,AU,1281
88870,100087,AU,1283
55271,100087,AU,1285
35387,100087,AU,1286
36946,100087,AU,1288
44323,100087,AU,1289
74074,100087,AU,1290
90385,100087,AU,1291
38350,100087,AU,1292
64218,100087,AU,1293
21657,100087,AU,1294
48818,100087,AU,1295
65302,100087,AU,1296
75608,100087,AU,1297
35103,100087,AU,1299
48254,100087,AU,1301
40348,100087,AU,1302
70825,100087,AU,1303
38686,100087,AU,1304
14147,100087,AU,1306
33438,100087,AU,1309
61234,100087,AU,1310
85196,100087,AU,1312
61257,100087,AU,1314
23618,100087,AU,1315
85556,100087,AU,1316
36160,100087,AU,1317
62228,100087,AU,1318
77181,100087,AU,1320
49335,100087,AU,1321
85582,100087,AU,1322
76589,100087,AU,1325
53978,100087,AU,1326
93602,100087,AU,1329
94302,100087,AU,1330
71882,100087,AU,1334
32109,100087,AU,1335
44916,100087,AU,1336
87294,100087,AU,1337
59056,100087,AU,1338
31711,100087,AU,1339
25591,100087,AU,1340
12890,100087,AU,1344
37041,100087,AU,1345
97686,100087,AU,1346
74474,100087,AU,1347
20291,100087,AU,1348
82775,100087,AU,1349
54577,100087,AU,1351
98924,100087,AU,1352
19271,100087,AU,1353
47345,100087,AU,1354
63867,100087,AU,1355
99065,100087,AU,1356
82104,100087,AU,1358
56438,100087,AU,1360
91379,100087,AU,1362
94752,100087,AU,1366
64127,100087,AU,1368
51978,100087,AU,1369
88207,100087,AU,1372
18932,100087,AU,1373
37395,100087,AU,1375
23539,100087,AU,1376
82994,100087,AU,1380
60071,100087,AU,1382
18957,100087,AU,1391
66946,100087,AU,2000
38715,100087,AU,2002
70743,100087,AU,2003
67960,100087,AU,2004
19485,100087,AU,2007
83091,100087,AU,2009
94678,100087,AU,2010
73409,100087,AU,2011
71922,100087,AU,2016
59022,100087,AU,2017
22885,100087,AU,2018
84959,100087,AU,2019
84656,100087,AU,2020
66157,100087,AU,2022
32531,100087,AU,2023
14872,100087,AU,2024
88170,100087,AU,2025
55154,100087,AU,2026
64347,100087,AU,2027
45887,100087,AU,2028
21756,100087,AU,2030
50466,100087,AU,2040
63963,100087,AU,2046
52835,100087,AU,2048
85141,100087,AU,2052
53267,100087,AU,2053
99426,100087,AU,2054
28215,100087,AU,2056
48738,100087,AU,2058
16649,100087,AU,2061
74906,100087,AU,2062
90446,100087,AU,2064
28634,100087,AU,2065
38513,100087,AU,2066
13505,100087,AU,2067
77195,100087,AU,2068
45680,100087,AU,2069
23213,100087,AU,2070
11528,100087,AU,2071
95871,100087,AU,2072
89712,100087,AU,2073
15791,100087,AU,2074
57822,100087,AU,2075
34494,100087,AU,2077
33256,100087,AU,2078
21851,100087,AU,2079
75502,100087,AU,2080
32074,100087,AU,2081
37480,100087,AU,2082
38505,100087,AU,2083
57647,100087,AU,2084
98922,100087,AU,2085
50613,100087,AU,2086
48465,100087,AU,2087
73765,100087,AU,2090
20448,100087,AU,2091
93603,100087,AU,2092
65982,100087,AU,2093
76030,100087,AU,2094
18383,100087,AU,2095
89553,100087,AU,2096
44886,100087,AU,2097
92600,100087,AU,2098
75759,100087,AU,2099
76629,100087,AU,2100
92697,100087,AU,2101
28405,100087,AU,2102
68091,100087,AU,2103
99763,100087,AU,2105
23792,100087,AU,2106
35372,100087,AU,2107
24819,100087,AU,2108
73714,100087,AU,2109
77018,100087,AU,2110
70341,100087,AU,2111
98602,100087,AU,2112
37070,100087,AU,2113
70944,100087,AU,2114
18096,100087,AU,2115
20211,100087,AU,2116
20822,100087,AU,2117
93252,100087,AU,2118
79165,100087,AU,2119
58692,100087,AU,2120
48243,100087,AU,2121
53260,100087,AU,2122
19876,100087,AU,2123
11683,100087,AU,2124
99400,100087,AU,2125
70754,100087,AU,2126
25242,100087,AU,2127
83439,100087,AU,2128
51549,100087,AU,2129
45002,100087,AU,2131
89011,100087,AU,2132
67756,100087,AU,2133
66840,100087,AU,2134
79873,100087,AU,2135
47963,100087,AU,2136
62266,100087,AU,2137
39202,100087,AU,2138
17018,100087,AU,2141
91052,100087,AU,2142
94658,100087,AU,2143
50367,100087,AU,2144
83007,100087,AU,2145
81620,100087,AU,2146
80997,100087,AU,2147
62752,100087,AU,2148
57836,100087,AU,2149
21428,100087,AU,2150
95382,100087,AU,2151
73861,100087,AU,2152
55194,100087,AU,2153
55012,100087,AU,2154
93341,100087,AU,2155
96572,100087,AU,2156
66603,100087,AU,2157
48663,100087,AU,2158
45361,100087,AU,2159
20680,100087,AU,2160
92320,100087,AU,2161
50595,100087,AU,2162
56765,100087,AU,2164
88348,100087,AU,2165
21248,100087,AU,2166
98735,100087,AU,2167
43542,100087,AU,2168
75576,100087,AU,2169
87064,100087,AU,2170
40876,100087,AU,2171
89792,100087,AU,2172
50579,100087,AU,2173
91782,100087,AU,2174
21491,100087,AU,2175
44533,100087,AU,2176
78242,100087,AU,2177
26418,100087,AU,2178
61003,100087,AU,2179
23727,100087,AU,2180
68284,100087,AU,2181
71616,100087,AU,2182
24248,100087,AU,2183
48251,100087,AU,2185
85500,100087,AU,2187
99662,100087,AU,2188
86864,100087,AU,2189
13387,100087,AU,2190
38190,100087,AU,2191
90602,100087,AU,2192
93188,100087,AU,2193
42437,100087,AU,2194
55006,100087,AU,2195
59376,100087,AU,2197
19821,100087,AU,2201
48327,100087,AU,2203
53529,100087,AU,2204
48084,100087,AU,2205
92913,100087,AU,2208
77912,100087,AU,2209
88566,100087,AU,2210
79565,100087,AU,2211
93833,100087,AU,2212
54412,100087,AU,2213
38836,100087,AU,2214
55940,100087,AU,2215
25080,100087,AU,2216
43669,100087,AU,2217
84267,100087,AU,2219
33105,100087,AU,2220
28869,100087,AU,2221
27507,100087,AU,2222
71395,100087,AU,2223
36617,100087,AU,2224
88701,100087,AU,2225
68710,100087,AU,2226
79734,100087,AU,2228
79290,100087,AU,2229
91386,100087,AU,2230
45046,100087,AU,2231
18075,100087,AU,2232
97399,100087,AU,2234
40275,100087,AU,2235
49189,100087,AU,2236
81330,100087,AU,2237
15001,100087,AU,2238
77814,100087,AU,2239
11610,100087,AU,2240
50431,100087,AU,2241
36668,100087,AU,2242
92676,100087,AU,2243
99657,100087,AU,2244
24791,100087,AU,2245
33841,100087,AU,2246
87711,100087,AU,2247
38806,100087,AU,2248
63137,100087,AU,2249
91105,100087,AU,2250
59371,100087,AU,2252
83113,100087,AU,2253
87681,100087,AU,2254
24573,100087,AU,2255
93908,100087,AU,2256
16532,100087,AU,2257
38000,100087,AU,2258
35981,100087,AU,2259
99419,100087,AU,2260
64531,100087,AU,2261
41571,100087,AU,2262
69492,100087,AU,2263
20216,100087,AU,2264
94471,100087,AU,2265
97721,100087,AU,2266
61488,100087,AU,2267
49980,100087,AU,2268
18380,100087,AU,2269
20648,100087,AU,2270
84027,100087,AU,2272
24031,100087,AU,2273
60160,100087,AU,2274
11003,100087,AU,2275
63155,100087,AU,2277
50826,100087,AU,2278
14552,100087,AU,2279
35907,100087,AU,2280
79641,100087,AU,2281
51914,100087,AU,2282
49131,100087,AU,2283
24958,100087,AU,2285
12923,100087,AU,2286
72224,100087,AU,2287
88838,100087,AU,2288
19919,100087,AU,2289
79676,100087,AU,2290
45139,100087,AU,2291
72059,100087,AU,2292
87226,100087,AU,2293
12241,100087,AU,2294
35851,100087,AU,2295
56161,100087,AU,2296
34200,100087,AU,2300
24969,100087,AU,2301
72530,100087,AU,2302
38407,100087,AU,2303
45197,100087,AU,2304
98076,100087,AU,2305
41281,100087,AU,2307
31999,100087,AU,2308
28900,100087,AU,2309
22978,100087,AU,2311
93214,100087,AU,2312
38263,100087,AU,2313
68901,100087,AU,2314
83530,100087,AU,2316
53909,100087,AU,2317
80481,100087,AU,2318
88878,100087,AU,2319
15761,100087,AU,2320
51738,100087,AU,2321
70133,100087,AU,2322
49887,100087,AU,2323
31719,100087,AU,2324
95834,100087,AU,2325
76617,100087,AU,2326
37362,100087,AU,2327
27032,100087,AU,2328
59675,100087,AU,2329
10114,100087,AU,2330
14485,100087,AU,2331
94104,100087,AU,2332
91519,100087,AU,2333
44091,100087,AU,2334
18884,100087,AU,2335
71757,100087,AU,2336
29532,100087,AU,2338
63226,100087,AU,2343
88786,100087,AU,2344
14170,100087,AU,2346
19863,100087,AU,2347
90684,100087,AU,2348
45096,100087,AU,2350
36725,100087,AU,2352
38093,100087,AU,2354
99897,100087,AU,2356
72297,100087,AU,2357
38674,100087,AU,2359
68412,100087,AU,2361
57368,100087,AU,2362
52445,100087,AU,2363
38802,100087,AU,2364
97613,100087,AU,2367
52347,100087,AU,2368
28616,100087,AU,3001
54084,100087,AU,3002
79162,100087,AU,3003
64744,100087,AU,3004
97745,100087,AU,3005
19215,100087,AU,3006
99167,100087,AU,3007
65807,100087,AU,3008
64412,100087,AU,3009
91156,100087,AU,3010
78634,100087,AU,3011
81488,100087,AU,3012
75968,100087,AU,3013
30300,100087,AU,3014
51169,100087,AU,3015
30777,100087,AU,3016
43143,100087,AU,3018
40706,100087,AU,3019
50336,100087,AU,3020
28253,100087,AU,3021
96705,100087,AU,3022
78119,100087,AU,3025
66686,100087,AU,3026
76075,100087,AU,3027
13854,100087,AU,3028
64556,100087,AU,3030
69501,100087,AU,3031
16658,100087,AU,3032
37339,100087,AU,3034
61229,100087,AU,3035
87427,100087,AU,3036
71911,100087,AU,3037
43572,100087,AU,3039
96049,100087,AU,3040
44188,100087,AU,3041
77259,100087,AU,3043
23335,100087,AU,3045
36366,100087,AU,3047
97897,100087,AU,3048
60548,100087,AU,3051
38087,100087,AU,3054
59111,100087,AU,3055
86152,100087,AU,3057
11732,100087,AU,3058
31453,100087,AU,3059
38351,100087,AU,3061
61894,100087,AU,3062
95110,100087,AU,3065
99628,100087,AU,3068
53496,100087,AU,3071
15082,100087,AU,3072
99762,100087,AU,4000
21183,100087,AU,4002
86294,100087,AU,4008
54486,100087,AU,4016
61882,100087,AU,4020
55747,100087,AU,4022
12349,100087,AU,4026
67294,100087,AU,4027
87785,100087,AU,4028
83878,100087,AU,4034
85110,100087,AU,4036
16554,100087,AU,4037
65990,100087,AU,4039
31437,100087,AU,4040
14967,100087,AU,4041
40004,100087,AU,4042
78481,100087,AU,4043
92562,100087,AU,4044
62191,100087,AU,4045
22467,100087,AU,4046
22307,100087,AU,4047
51040,100087,AU,4048
62599,100087,AU,4049
68362,100087,AU,4050
23472,100087,AU,4051
28795,100087,AU,4052
67376,100087,AU,4053
87114,100087,AU,4054
40855,100087,AU,4055
61034,100087,AU,4057
58383,100087,AU,4058
83328,100087,AU,4059
16005,100087,AU,4060
52985,100087,AU,4061
10141,100087,AU,4062
97258,100087,AU,4064
23450,100087,AU,4065
18572,100087,AU,4066
96944,100087,AU,4067
62779,100087,AU,4068
54933,100087,AU,4069
45351,100087,AU,4070
60857,100087,AU,4071
26006,100087,AU,4072
23795,100087,AU,4073
20630,100087,AU,4074
96396,100087,AU,4075
62390,100087,AU,4076
70931,100087,AU,4077
66554,100087,AU,4078
15392,100087,AU,4079
95175,100087,AU,4080
30754,100087,AU,4081
73778,100087,AU,4082
49583,100087,AU,4083
97576,100087,AU,4084
45286,100087,AU,4085
57028,100087,AU,4086
88235,100087,AU,4087
72783,100087,AU,4088
39456,100087,AU,4089
34587,100087,AU,4090
55265,100087,AU,4091
88772,100087,AU,4092
87288,100087,AU,4093
51181,100087,AU,4094
88244,100087,AU,4095
96636,100087,AU,4096
37629,100087,AU,4097
63606,100087,AU,4098
80093,100087,AU,4099
13823,100087,AU,4100
68640,100087,AU,4101
85295,100087,AU,4102
67688,100087,AU,4103
42495,100087,AU,4104
69575,100087,AU,4105
61816,100087,AU,4106
52198,100087,AU,4107
23866,100087,AU,4108
99057,100087,AU,4109
40011,100087,AU,4110
50838,100087,AU,4111
57719,100087,AU,4112
13199,100087,AU,4113
87075,100087,AU,4114
87603,100087,AU,4115
79084,100087,AU,4116
78918,100087,AU,4117
88840,100087,AU,4118
56063,100087,AU,4119
67806,100087,AU,4120
95115,100087,AU,4121
24087,100087,AU,4122
52886,100087,AU,4123
74333,100087,AU,4124
68340,100087,AU,4125
39799,100087,AU,4126
11525,100087,AU,4128
84126,100087,AU,4129
18007,100087,AU,4131
92372,100087,AU,4133
15791,100087,AU,4134
94801,100087,AU,4135
78956,100087,AU,4136
59337,100087,AU,4137
34943,100087,AU,4138
70280,100087,AU,4139
20973,100087,AU,4140
11366,100087,AU,4141
31109,100087,AU,4142
43754,100087,AU,4143
38747,100087,AU,4144
40046,100087,AU,4145
13306,100087,AU,4146
75829,100087,AU,4147
70493,100087,AU,4148
61355,100087,AU,4149
69612,100087,AU,4150
43373,100087,AU,4151
48675,100087,AU,4152
46687,100087,AU,4153
48904,100087,AU,4154
35011,100087,AU,4155
93500,100087,AU,4156
19543,100087,AU,4157
94844,100087,AU,4163
65507,100087,AU,4164
46413,100087,AU,4166
64335,100087,AU,4169
76077,100087,AU,4170
55899,100087,AU,4172
31019,100087,AU,4173
99412,100087,AU,4174
51747,100087,AU,4177
32772,100087,AU,4180
90881,100087,AU,4182
62798,100087,AU,4183
93701,100087,AU,4184
48547,100087,AU,4185
46373,100087,AU,4186
50054,100087,AU,4187
26954,100087,AU,4189
36896,100087,AU,4191
90476,100087,AU,4194
11783,100087,AU,4195
48628,100087,AU,4196
21300,100087,AU,4197
13967,100087,AU,4198
74319,100087,AU,4200
59298,100087,AU,4201
28950,100087,AU,4202
56292,100087,AU,4203
59600,100087,AU,4205
60884,100087,AU,4207
18984,100087,AU,4208
70140,100087,AU,4209
64115,100087,AU,4210
13477,100087,AU,4211
38777,100087,AU,4212
31409,100087,AU,4213
63055,100087,AU,4215
28730,100087,AU,4216
45766,100087,AU,4217
69281,100087,AU,4218
94656,100087,AU,4219
35262,100087,AU,4220
55591,100087,AU,4221
76828,100087,AU,4222
46939,100087,AU,4223
97687,100087,AU,4225
59663,100087,AU,4226
10086,100087,AU,4227
95760,100087,AU,4228
48960,100087,AU,4229
27501,100087,AU,4230
68182,100087,AU,4231
71801,100087,AU,4232
12455,100087,AU,4233
30447,100087,AU,4235
58353,100087,AU,4237
86161,100087,AU,4238
25178,100087,AU,4239
97006,100087,AU,4240
82013,100087,AU,4241
51918,100087,AU,4242
75075,100087,AU,4243
68379,100087,AU,4245
90309,100087,AU,4246
85886,100087,AU,4247
72644,100087,AU,4249
76988,100087,AU,4250
76269,100087,AU,4251
60356,100087,AU,4252
25501,100087,AU,4253
88087,100087,AU,4254
73262,100087,AU,4256
79590,100087,AU,4257
15538,100087,AU,4258
15166,100087,AU,4259
78279,100087,AU,4260
49164,100087,AU,4261
51172,100087,AU,4262
52616,100087,AU,4263
42758,100087,AU,4264
13117,100087,AU,4265
67121,100087,AU,4266
59164,100087,AU,4267
58305,100087,AU,4269
13455,100087,AU,4270
57122,100087,AU,4271
81128,100087,AU,4272
76716,100087,AU,4274
45525,100087,AU,4275
81609,100087,AU,4278
76127,100087,AU,4279
22055,100087,AU,4280
46419,100087,AU,4282
39388,100087,AU,4284
16073,100087,AU,4285
25432,100087,AU,4288
53339,100087,AU,4289
13139,100087,AU,4290
96761,100087,AU,4292
70116,100087,AU,4296
79657,100087,AU,4297
66968,100087,AU,4298
19548,100087,AU,4299
54357,100087,AU,4304
73831,100087,AU,4305
15398,100087,AU,8101
90977,100087,AU,8201
44580,100087,AU,8301
97677,100087,AU,8401
77424,100087,AU,9000
28884,100089,AU,8101
34830,100089,AU,8102
34896,100089,AU,8201
90950,100089,AU,8202
35160,100089,AU,8401
69483,100089,AU,8402
90894,100233,AU,8101
17853,100233,AU,8201
64815,100233,AU,8401
59448,100234,AU,8101
83288,100234,AU,8201
14148,100234,AU,8401
20684,100256,AU,8101
82707,100256,AU,8201
61631,100256,AU,8401
76947,100351,AU,1001
48248,100351,AU,1002
73534,100351,AU,1003
73284,100351,AU,1004
83676,100351,AU,1005
38692,100351,AU,1006
14380,100351,AU,1007
82467,100351,AU,1008
60532,100351,AU,1009
88714,100351,AU,1010
46021,100351,AU,1012
65122,100351,AU,1014
40895,100351,AU,1016
79269,100351,AU,1017
60493,100351,AU,1019
80762,100351,AU,1020
27003,100351,AU,1021
86106,100351,AU,1022
17263,100351,AU,1023
69294,100351,AU,1026
43183,100351,AU,1027
85903,100351,AU,1029
61993,100351,AU,1031
18586,100351,AU,1033
39355,100351,AU,1036
64451,100351,AU,1040
11736,100351,AU,1042
73340,100351,AU,1045
64067,100351,AU,1046
83555,100351,AU,1047
34755,100351,AU,1051
50884,100351,AU,1053
34711,100351,AU,1056
27909,100351,AU,1057
51738,100351,AU,1058
51208,100351,AU,1059
97962,100351,AU,1060
56727,100351,AU,1061
21850,100351,AU,1062
96128,100351,AU,1063
55726,100351,AU,1064
76345,100351,AU,1065
70978,100351,AU,1066
17295,100351,AU,1067
40382,100351,AU,1068
42509,100351,AU,1069
42034,100351,AU,1070
16074,100351,AU,1071
74254,100351,AU,1072
87006,100351,AU,1073
97843,100351,AU,1076
76924,100351,AU,1078
70446,100351,AU,1079
87912,100351,AU,1081
21477,100351,AU,1082
60753,100351,AU,1083
82167,100351,AU,1084
37859,100351,AU,1085
28166,100351,AU,1087
87646,100351,AU,1088
21798,100351,AU,1089
68633,100351,AU,1090
26276,100351,AU,1092
11573,100351,AU,1093
23962,100351,AU,1094
15177,100351,AU,1095
30370,100351,AU,1096
14558,100351,AU,1115
33369,100351,AU,1119
43596,100351,AU,1120
31351,100351,AU,1121
21733,100351,AU,1122
81559,100351,AU,1123
84846,100351,AU,1124
96857,100351,AU,1125
98039,100351,AU,1126
45735,100351,AU,1127
26938,100351,AU,1128
27710,100351,AU,1129
71162,100351,AU,1130
25416,100351,AU,1131
25884,100351,AU,1132
82355,100351,AU,1133
62925,100351,AU,1134
44627,100351,AU,1135
70482,100351,AU,1136
49897,100351,AU,1137
38441,100351,AU,1138
92273,100351,AU,1139
15316,100351,AU,1140
13784,100351,AU,1141
32844,100351,AU,1142
85251,100351,AU,1143
51154,100351,AU,1144
35631,100351,AU,1145
24184,100351,AU,1146
17544,100351,AU,1147
83253,100351,AU,1148
43918,100351,AU,1149
33434,100351,AU,1150
26309,100351,AU,1151
24241,100351,AU,1152
74573,100351,AU,1153
30571,100351,AU,1154
75214,100351,AU,1155
49733,100351,AU,1156
86585,100351,AU,1157
23486,100351,AU,1158
50993,100351,AU,1159
45367,100351,AU,1160
31771,100351,AU,1161
81541,100351,AU,1162
67102,100351,AU,1163
30713,100351,AU,1164
19373,100351,AU,1165
30963,100351,AU,1166
88048,100351,AU,1167
88908,100351,AU,1168
84984,100351,AU,1169
98477,100351,AU,1170
54569,100351,AU,1172
38705,100351,AU,1173
91415,100351,AU,1174
15690,100351,AU,1175
43866,100351,AU,1176
10146,100351,AU,1177
79628,100351,AU,1178
15195,100351,AU,1179
34791,100351,AU,1180
20069,100351,AU,1181
59870,100351,AU,1182
51610,100351,AU,1183
18941,100351,AU,1184
68538,100351,AU,1185
44691,100351,AU,1186
36062,100351,AU,1187
63352,100351,AU,1188
55578,100351,AU,1189
27624,100351,AU,1191
78120,100351,AU,1192
22191,100351,AU,1193
70562,100351,AU,1194
74766,100351,AU,1195
83113,100351,AU,1196
59484,100351,AU,1197
95591,100351,AU,1198
44288,100351,AU,1199
37040,100351,AU,1200
32047,100351,AU,1201
90052,100351,AU,1202
48703,100351,AU,1203
89072,100351,AU,1204
44759,100351,AU,1205
53741,100351,AU,1206
99892,100351,AU,1207
34659,100351,AU,1208
30307,100351,AU,1209
61125,100351,AU,1210
63861,100351,AU,1211
80862,100351,AU,1212
42305,100351,AU,1213
63590,100351,AU,1214
22824,100351,AU,1215
10942,100351,AU,1216
66177,100351,AU,1218
28005,100351,AU,1219
82441,100351,AU,1220
84219,100351,AU,1221
84841,100351,AU,1222
57202,100351,AU,1223
24805,100351,AU,1224
77581,100351,AU,1225
38809,100351,AU,1226
95911,100351,AU,1227
77662,100351,AU,1228
40912,100351,AU,1229
61370,100351,AU,1230
17403,100351,AU,1231
23372,100351,AU,1232
47821,100351,AU,1233
26697,100351,AU,1234
60672,100351,AU,1235
94186,100351,AU,1236
92923,100351,AU,1237
55583,100351,AU,1239
14601,100351,AU,1240
15983,100351,AU,1241
13595,100351,AU,1242
10328,100351,AU,1243
10160,100351,AU,1244
40621,100351,AU,1245
12321,100351,AU,1246
60103,100351,AU,1249
51654,100351,AU,1250
74505,100351,AU,1252
25019,100351,AU,1257
29075,100351,AU,1259
97460,100351,AU,1260
16067,100351,AU,1262
17826,100351,AU,1263
77278,100351,AU,1264
35653,100351,AU,1265
23920,100351,AU,1266
53389,100351,AU,1269
15891,100351,AU,1270
61825,100351,AU,1271
77160,100351,AU,1273
47673,100351,AU,1274
73119,100351,AU,1275
71365,100351,AU,1276
37700,100351,AU,1277
69827,100351,AU,1279
41819,100351,AU,1280
13773,100351,AU,1281
33957,100351,AU,1283
99303,100351,AU,1285
41306,100351,AU,1286
10139,100351,AU,1288
25642,100351,AU,1289
87241,100351,AU,1290
86440,100351,AU,1291
80770,100351,AU,1292
32273,100351,AU,1293
87395,100351,AU,1294
31388,100351,AU,1295
88670,100351,AU,1296
99017,100351,AU,1297
61290,100351,AU,1299
57675,100351,AU,1301
97885,100351,AU,1302
87820,100351,AU,1303
23977,100351,AU,1304
72052,100351,AU,1306
75808,100351,AU,1309
65665,100351,AU,1310
49894,100351,AU,1312
17009,100351,AU,1314
29855,100351,AU,1315
31667,100351,AU,1316
55348,100351,AU,1317
82023,100351,AU,1318
90639,100351,AU,1320
24714,100351,AU,1321
10861,100351,AU,1322
94759,100351,AU,1325
43370,100351,AU,1326
95039,100351,AU,1329
26757,100351,AU,1330
51768,100351,AU,1334
98909,100351,AU,1335
77383,100351,AU,1336
66730,100351,AU,1337
75590,100351,AU,1338
66470,100351,AU,1339
13733,100351,AU,1340
98671,100351,AU,1344
64044,100351,AU,1345
80249,100351,AU,1346
73772,100351,AU,1347
92945,100351,AU,1348
59522,100351,AU,1349
27507,100351,AU,1351
83965,100351,AU,1352
18026,100351,AU,1353
81224,100351,AU,1354
15325,100351,AU,1355
71313,100351,AU,1356
87308,100351,AU,1358
36971,100351,AU,1360
48357,100351,AU,1362
90975,100351,AU,1366
84087,100351,AU,1368
65599,100351,AU,1369
95478,100351,AU,1372
25427,100351,AU,1373
26353,100351,AU,1375
16431,100351,AU,1376
48733,100351,AU,1378
78364,100351,AU,1380
59827,100351,AU,1381
28953,100351,AU,1382
78894,100351,AU,1383
52914,100351,AU,1384
86599,100351,AU,1386
55702,100351,AU,1387
94733,100351,AU,1388
33668,100351,AU,1389
83225,100351,AU,1390
77235,100351,AU,1391
49158,100351,AU,1393
79110,100351,AU,1394
25504,100351,AU,1395
92463,100351,AU,1396
33205,100351,AU,1397
22568,100351,AU,1398
65764,100351,AU,1399
56188,100351,AU,1400
39762,100351,AU,1401
35789,100351,AU,1402
85658,100351,AU,1403
21066,100351,AU,1404
54013,100351,AU,1405
26890,100351,AU,1406
39354,100351,AU,1407
44413,100351,AU,1408
31475,100351,AU,1409
19813,100351,AU,1410
77559,100351,AU,1411
50863,100351,AU,1412
18727,100351,AU,1413
79397,100351,AU,1414
83598,100351,AU,1415
67022,100351,AU,1416
33305,100351,AU,1417
39179,100351,AU,1418
76741,100351,AU,1419
42649,100351,AU,1420
40571,100351,AU,1421
32241,100351,AU,1422
85901,100351,AU,1423
43666,100351,AU,1424
34168,100351,AU,1425
65694,100351,AU,1426
26503,100351,AU,1427
36980,100351,AU,1428
74184,100351,AU,1429
48578,100351,AU,1430
91291,100351,AU,1431
63210,100351,AU,1432
61555,100351,AU,1433
86351,100351,AU,1434
70509,100351,AU,1435
95728,100351,AU,1436
88808,100351,AU,1437
44480,100351,AU,1438
81105,100351,AU,1439
32259,100351,AU,1440
67765,100351,AU,1441
15765,100351,AU,1442
25790,100351,AU,1443
99932,100351,AU,1444
87277,100351,AU,1445
73040,100351,AU,1447
43245,100351,AU,1449
97177,100351,AU,1450
38190,100351,AU,1451
21921,100351,AU,1452
63963,100351,AU,1453
15351,100351,AU,1454
53081,100351,AU,1456
64091,100351,AU,1457
60498,100351,AU,1458
63167,100351,AU,1459
65808,100351,AU,1460
15646,100351,AU,1461
49273,100351,AU,1462
62666,100351,AU,1463
47597,100351,AU,1464
61153,100351,AU,1465
67845,100351,AU,1466
75495,100351,AU,1467
33908,100351,AU,1468
93595,100351,AU,1469
21896,100351,AU,1470
51052,100351,AU,1471
74588,100351,AU,1472
82091,100351,AU,1474
24092,100351,AU,1475
22018,100351,AU,1476
77179,100351,AU,1477
25260,100351,AU,1478
77562,100351,AU,1479
92009,100351,AU,1480
65586,100351,AU,1481
60936,100351,AU,1482
55541,100351,AU,1483
77751,100351,AU,1484
76135,100351,AU,1485
39527,100351,AU,1486
96986,100351,AU,1487
60713,100351,AU,1488
86591,100351,AU,1489
10592,100351,AU,1490
13896,100351,AU,1491
62443,100351,AU,1492
73055,100351,AU,1493
84647,100351,AU,1494
66826,100351,AU,1495
62560,100351,AU,1496
87415,100351,AU,1497
99167,100351,AU,1498
48757,100351,AU,1499
86913,100351,AU,1500
72745,100351,AU,1501
22939,100351,AU,1502
18273,100351,AU,1503
77306,100351,AU,1504
98059,100351,AU,1505
65547,100351,AU,1506
93577,100351,AU,1507
33963,100351,AU,1508
17697,100351,AU,1509
81222,100351,AU,1510
34113,100351,AU,1511
83066,100351,AU,1512
33050,100351,AU,1513
14462,100351,AU,1514
56012,100351,AU,1515
36939,100351,AU,1516
57341,100351,AU,1517
15054,100351,AU,1518
63055,100351,AU,1519
23023,100351,AU,1520
94110,100351,AU,1521
81394,100351,AU,1994
22731,100351,AU,2000
69985,100351,AU,2002
50839,100351,AU,2003
49918,100351,AU,2004
43049,100351,AU,2007
90834,100351,AU,2009
25479,100351,AU,2010
19658,100351,AU,2011
51868,100351,AU,2016
83401,100351,AU,2017
40217,100351,AU,2018
19730,100351,AU,2019
41745,100351,AU,2020
55466,100351,AU,2022
76283,100351,AU,2023
91353,100351,AU,2024
48496,100351,AU,2025
69536,100351,AU,2026
47588,100351,AU,2027
31747,100351,AU,2028
49964,100351,AU,2030
88342,100351,AU,2040
85738,100351,AU,2046
15681,100351,AU,2048
29371,100351,AU,2052
33103,100351,AU,2053
59742,100351,AU,2054
38559,100351,AU,2056
72737,100351,AU,2058
92062,100351,AU,2061
15338,100351,AU,2062
63404,100351,AU,2064
25630,100351,AU,2065
51185,100351,AU,2066
41606,100351,AU,2067
19690,100351,AU,2068
45038,100351,AU,2069
70777,100351,AU,2070
83566,100351,AU,2071
94694,100351,AU,2072
48901,100351,AU,2073
37407,100351,AU,2074
69103,100351,AU,2075
82484,100351,AU,2077
80233,100351,AU,2078
41567,100351,AU,2079
94866,100351,AU,2080
91483,100351,AU,2081
31335,100351,AU,2082
58381,100351,AU,2083
35287,100351,AU,2084
80447,100351,AU,2085
92372,100351,AU,2086
55122,100351,AU,2087
77240,100351,AU,2090
88648,100351,AU,2091
33433,100351,AU,2092
98586,100351,AU,2093
14598,100351,AU,2094
59073,100351,AU,2095
15616,100351,AU,2096
81149,100351,AU,2097
39275,100351,AU,2098
21261,100351,AU,2099
52832,100351,AU,2100
46724,100351,AU,2101
29473,100351,AU,2102
93521,100351,AU,2103
92349,100351,AU,2105
91017,100351,AU,2106
69257,100351,AU,2107
37849,100351,AU,2108
74395,100351,AU,2109
32631,100351,AU,2110
28675,100351,AU,2111
63067,100351,AU,2112
93793,100351,AU,2113
92008,100351,AU,2114
64407,100351,AU,2115
38109,100351,AU,2116
87127,100351,AU,2117
89384,100351,AU,2118
22896,100351,AU,2119
12457,100351,AU,2120
59660,100351,AU,2121
58176,100351,AU,2122
66505,100351,AU,2123
59798,100351,AU,2124
60551,100351,AU,2125
71306,100351,AU,2126
37358,100351,AU,2127
99045,100351,AU,2128
30709,100351,AU,2129
15499,100351,AU,2130
79306,100351,AU,2131
87335,100351,AU,2132
22972,100351,AU,2133
50081,100351,AU,2134
41789,100351,AU,2135
14752,100351,AU,2136
92746,100351,AU,2137
20036,100351,AU,2138
92064,100351,AU,2140
42055,100351,AU,2141
50937,100351,AU,2142
10116,100351,AU,2143
15976,100351,AU,2144
69448,100351,AU,2145
42471,100351,AU,2146
26970,100351,AU,2147
48282,100351,AU,2148
88906,100351,AU,2149
67807,100351,AU,2150
26045,100351,AU,2151
67711,100351,AU,2152
90413,100351,AU,2153
86835,100351,AU,2154
34744,100351,AU,2155
36596,100351,AU,2156
64721,100351,AU,2157
78593,100351,AU,2158
76085,100351,AU,2159
61705,100351,AU,2160
43642,100351,AU,2161
60063,100351,AU,2162
12534,100351,AU,2164
27329,100351,AU,2165
67453,100351,AU,2166
60669,100351,AU,2167
10733,100351,AU,2168
61169,100351,AU,2169
76357,100351,AU,2170
11164,100351,AU,2171
58236,100351,AU,2172
73423,100351,AU,2173
69323,100351,AU,2174
53509,100351,AU,2175
60593,100351,AU,2176
69592,100351,AU,2177
40830,100351,AU,2178
46314,100351,AU,2179
36829,100351,AU,2180
33827,100351,AU,2181
22576,100351,AU,2182
56812,100351,AU,2183
67249,100351,AU,2185
17016,100351,AU,2187
27421,100351,AU,2188
96091,100351,AU,2189
98653,100351,AU,2190
51327,100351,AU,2191
18014,100351,AU,2192
40939,100351,AU,2193
18884,100351,AU,2194
58230,100351,AU,2195
38931,100351,AU,2197
88911,100351,AU,2201
14353,100351,AU,2203
34019,100351,AU,2204
37833,100351,AU,2205
23433,100351,AU,2206
95424,100351,AU,2208
37467,100351,AU,2209
31607,100351,AU,2210
38609,100351,AU,2211
17881,100351,AU,2212
17241,100351,AU,2213
18930,100351,AU,2214
16820,100351,AU,2215
92548,100351,AU,2216
83693,100351,AU,2217
54941,100351,AU,2219
92670,100351,AU,2220
76973,100351,AU,2221
51254,100351,AU,2222
61047,100351,AU,2223
61678,100351,AU,2224
73301,100351,AU,2225
86031,100351,AU,2226
27213,100351,AU,2228
96040,100351,AU,2229
51980,100351,AU,2230
93176,100351,AU,2231
80243,100351,AU,2232
98631,100351,AU,2234
27645,100351,AU,2235
77161,100351,AU,2236
73376,100351,AU,2237
72209,100351,AU,2238
23918,100351,AU,2239
76932,100351,AU,2240
39600,100351,AU,2241
79372,100351,AU,2242
39584,100351,AU,2243
85079,100351,AU,2244
83966,100351,AU,2245
77624,100351,AU,2246
97216,100351,AU,2247
43039,100351,AU,2248
35874,100351,AU,2249
60884,100351,AU,2250
31495,100351,AU,2252
39811,100351,AU,2253
72984,100351,AU,2254
58178,100351,AU,2255
58318,100351,AU,2256
74863,100351,AU,2257
42486,100351,AU,2258
27426,100351,AU,2259
50690,100351,AU,2260
28206,100351,AU,2261
82462,100351,AU,2262
54525,100351,AU,2263
69551,100351,AU,2264
97254,100351,AU,2265
64868,100351,AU,2266
81250,100351,AU,2267
59015,100351,AU,2268
62527,100351,AU,2269
27358,100351,AU,2270
49210,100351,AU,2272
82260,100351,AU,2273
40735,100351,AU,2274
45381,100351,AU,2275
66610,100351,AU,2277
97645,100351,AU,2278
24484,100351,AU,2279
36871,100351,AU,2280
94218,100351,AU,2281
83796,100351,AU,2282
74713,100351,AU,2283
91263,100351,AU,2285
80728,100351,AU,2286
60268,100351,AU,2287
27851,100351,AU,2288
23177,100351,AU,2289
78213,100351,AU,2290
86257,100351,AU,2291
54380,100351,AU,2292
63397,100351,AU,2293
10201,100351,AU,2294
24976,100351,AU,2295
47656,100351,AU,2296
40280,100351,AU,2300
33480,100351,AU,2301
24663,100351,AU,2302
86592,100351,AU,2303
60879,100351,AU,2304
40838,100351,AU,2305
73696,100351,AU,2307
34094,100351,AU,2308
91064,100351,AU,2309
61702,100351,AU,2311
99491,100351,AU,2312
93497,100351,AU,2313
30372,100351,AU,2314
54206,100351,AU,2316
45636,100351,AU,2317
80483,100351,AU,2318
67435,100351,AU,2319
35610,100351,AU,2320
45580,100351,AU,2321
52985,100351,AU,2322
50878,100351,AU,2323
19943,100351,AU,2324
97137,100351,AU,2325
33820,100351,AU,2326
60270,100351,AU,2327
38792,100351,AU,2328
18648,100351,AU,2329
32574,100351,AU,2330
56021,100351,AU,2331
96382,100351,AU,2332
17694,100351,AU,2333
72234,100351,AU,2334
31934,100351,AU,2335
49723,100351,AU,2336
72249,100351,AU,2338
49433,100351,AU,2343
67357,100351,AU,2344
34574,100351,AU,2346
23196,100351,AU,2347
67484,100351,AU,2348
13822,100351,AU,2350
95484,100351,AU,2352
55593,100351,AU,2354
23560,100351,AU,2356
14161,100351,AU,2357
72874,100351,AU,2359
29587,100351,AU,2361
45100,100351,AU,2362
84361,100351,AU,2363
95690,100351,AU,2364
27981,100351,AU,2367
96952,100351,AU,2368
84497,100351,AU,2369
40355,100351,AU,2371
54449,100351,AU,2372
26478,100351,AU,2373
76093,100351,AU,2374
87798,100351,AU,2375
97841,100351,AU,2376
66884,100351,AU,2377
37341,100351,AU,2378
29922,100351,AU,2379
44983,100351,AU,2380
15262,100351,AU,2382
15294,100351,AU,2383
68005,100351,AU,2385
64885,100351,AU,2389
15303,100351,AU,2391
85935,100351,AU,2392
30392,100351,AU,2393
10984,100351,AU,2394
93861,100351,AU,2395
53820,100351,AU,2396
54638,100351,AU,2397
81954,100351,AU,2398
96938,100351,AU,2399
22061,100351,AU,2400
30242,100351,AU,2401
11726,100351,AU,2402
20420,100351,AU,2403
31693,100351,AU,2404
73541,100351,AU,2405
96328,100351,AU,2406
85731,100351,AU,2407
37673,100351,AU,2408
99071,100351,AU,2409
18707,100351,AU,2410
60525,100351,AU,2411
93146,100351,AU,2412
26063,100351,AU,2413
54986,100351,AU,2414
73840,100351,AU,2415
26047,100351,AU,2416
48781,100351,AU,2417
74774,100351,AU,2418
50377,100351,AU,2419
43927,100351,AU,2420
74830,100351,AU,2421
96089,100351,AU,2422
28870,100351,AU,3000
93918,100351,AU,3001
66705,100351,AU,3002
80475,100351,AU,3003
31364,100351,AU,3004
80202,100351,AU,3005
44184,100351,AU,3006
81663,100351,AU,3007
32096,100351,AU,3008
81190,100351,AU,3009
51719,100351,AU,3010
60370,100351,AU,3011
62808,100351,AU,3012
33386,100351,AU,3013
59658,100351,AU,3014
68329,100351,AU,3015
30994,100351,AU,3016
20891,100351,AU,3018
31015,100351,AU,3019
22406,100351,AU,3020
74992,100351,AU,3021
98008,100351,AU,3022
93586,100351,AU,3025
21613,100351,AU,3026
30225,100351,AU,3027
54720,100351,AU,3028
79037,100351,AU,3030
64847,100351,AU,3031
45043,100351,AU,3032
22070,100351,AU,3034
44907,100351,AU,3035
45151,100351,AU,3036
77629,100351,AU,3037
93607,100351,AU,3039
62773,100351,AU,3040
90182,100351,AU,3041
61098,100351,AU,3043
64895,100351,AU,3045
31046,100351,AU,3047
22536,100351,AU,3048
25262,100351,AU,3051
73421,100351,AU,3054
11278,100351,AU,3055
89633,100351,AU,3057
68757,100351,AU,3058
15138,100351,AU,3059
60754,100351,AU,3061
67680,100351,AU,3062
30484,100351,AU,3065
77321,100351,AU,3068
36813,100351,AU,3069
68717,100351,AU,3070
43989,100351,AU,3071
33298,100351,AU,3072
23727,100351,AU,3073
30123,100351,AU,3074
26651,100351,AU,3075
37813,100351,AU,3077
79097,100351,AU,3078
11408,100351,AU,3079
25711,100351,AU,3080
78849,100351,AU,3081
83685,100351,AU,3082
64502,100351,AU,3084
50438,100351,AU,3085
95550,100351,AU,3086
37901,100351,AU,3087
72781,100351,AU,3088
22295,100351,AU,3089
95683,100351,AU,3090
60309,100351,AU,3091
61325,100351,AU,3092
98822,100351,AU,3093
32265,100351,AU,3094
72778,100351,AU,3095
69837,100351,AU,3096
80230,100351,AU,3097
37745,100351,AU,3098
34955,100351,AU,3099
70307,100351,AU,3100
67911,100351,AU,3101
61410,100351,AU,3102
57183,100351,AU,3103
20714,100351,AU,3104
90309,100351,AU,3105
84934,100351,AU,3106
96141,100351,AU,3107
39379,100351,AU,3108
94509,100351,AU,3109
54573,100351,AU,3110
45499,100351,AU,4000
21726,100351,AU,4002
76501,100351,AU,4008
92474,100351,AU,4016
28094,100351,AU,4020
87972,100351,AU,4022
13255,100351,AU,4026
27077,100351,AU,4027
65013,100351,AU,4028
37969,100351,AU,4034
30192,100351,AU,4036
42884,100351,AU,4037
93875,100351,AU,4039
70740,100351,AU,4040
21568,100351,AU,4041
12473,100351,AU,4042
69475,100351,AU,4043
50688,100351,AU,4044
30137,100351,AU,4045
51856,100351,AU,4046
51274,100351,AU,4047
79483,100351,AU,4048
67451,100351,AU,4049
99264,100351,AU,4050
56828,100351,AU,4051
84281,100351,AU,4052
83022,100351,AU,4053
34120,100351,AU,4054
19670,100351,AU,4055
69406,100351,AU,4057
75416,100351,AU,4058
93413,100351,AU,4059
28770,100351,AU,4060
82176,100351,AU,4061
82445,100351,AU,4062
54006,100351,AU,4064
13921,100351,AU,4065
31541,100351,AU,4066
64315,100351,AU,4067
11715,100351,AU,4068
69350,100351,AU,4069
55881,100351,AU,4070
97437,100351,AU,4071
63907,100351,AU,4072
17638,100351,AU,4073
25127,100351,AU,4074
96121,100351,AU,4075
21205,100351,AU,4076
56300,100351,AU,4077
74740,100351,AU,4078
24877,100351,AU,4079
43132,100351,AU,4080
21619,100351,AU,4081
66441,100351,AU,4082
69027,100351,AU,4083
54910,100351,AU,4084
18332,100351,AU,4085
74850,100351,AU,4086
74798,100351,AU,4087
98667,100351,AU,4088
72527,100351,AU,4089
94839,100351,AU,4090
18952,100351,AU,4091
58343,100351,AU,4092
12655,100351,AU,4093
34530,100351,AU,4094
30764,100351,AU,4095
82804,100351,AU,4096
12753,100351,AU,4097
48193,100351,AU,4098
30248,100351,AU,4099
88801,100351,AU,4100
22189,100351,AU,4101
25807,100351,AU,4102
51307,100351,AU,4103
75945,100351,AU,4104
12494,100351,AU,4105
85485,100351,AU,4106
47246,100351,AU,4107
10734,100351,AU,4108
97539,100351,AU,4109
96398,100351,AU,4110
57769,100351,AU,4111
89831,100351,AU,4112
95365,100351,AU,4113
19600,100351,AU,4114
35795,100351,AU,4115
23248,100351,AU,4116
67845,100351,AU,4117
37217,100351,AU,4118
77800,100351,AU,4119
31650,100351,AU,4120
84748,100351,AU,4121
71608,100351,AU,4122
60720,100351,AU,4123
89221,100351,AU,4124
85253,100351,AU,4125
40774,100351,AU,4126
63760,100351,AU,4128
60145,100351,AU,4129
72677,100351,AU,4131
16171,100351,AU,4133
40602,100351,AU,4134
74305,100351,AU,4135
68776,100351,AU,4136
89881,100351,AU,4137
78553,100351,AU,4138
15394,100351,AU,4139
18495,100351,AU,4140
69181,100351,AU,4141
60152,100351,AU,4142
20911,100351,AU,4143
67852,100351,AU,4144
57323,100351,AU,4145
58065,100351,AU,4146
60830,100351,AU,4147
56485,100351,AU,4148
62750,100351,AU,4149
99504,100351,AU,4150
55003,100351,AU,4151
56907,100351,AU,4152
68907,100351,AU,4153
84687,100351,AU,4154
20414,100351,AU,4155
54861,100351,AU,4156
82188,100351,AU,4157
63088,100351,AU,4163
17674,100351,AU,4164
43568,100351,AU,4166
89842,100351,AU,4169
72399,100351,AU,4170
24826,100351,AU,4172
19942,100351,AU,4173
73571,100351,AU,4174
33218,100351,AU,4177
87201,100351,AU,4180
87048,100351,AU,4182
75957,100351,AU,4183
95115,100351,AU,4184
54802,100351,AU,4185
93887,100351,AU,4186
32831,100351,AU,4187
41860,100351,AU,4189
97853,100351,AU,4191
58156,100351,AU,4193
60493,100351,AU,4194
31900,100351,AU,4195
50446,100351,AU,4196
46789,100351,AU,4197
21591,100351,AU,4198
27761,100351,AU,4200
26970,100351,AU,4201
70507,100351,AU,4202
85694,100351,AU,4203
57414,100351,AU,4205
10965,100351,AU,4206
40660,100351,AU,4207
82677,100351,AU,4208
44909,100351,AU,4209
91649,100351,AU,4210
48838,100351,AU,4211
28132,100351,AU,4212
13982,100351,AU,4213
95074,100351,AU,4215
49408,100351,AU,4216
16801,100351,AU,4217
29895,100351,AU,4218
81933,100351,AU,4219
45416,100351,AU,4220
98931,100351,AU,4221
58155,100351,AU,4222
86617,100351,AU,4223
70459,100351,AU,4225
44686,100351,AU,4226
96539,100351,AU,4227
53660,100351,AU,4228
69938,100351,AU,4229
65558,100351,AU,4230
94278,100351,AU,4231
38716,100351,AU,4232
55764,100351,AU,4233
63829,100351,AU,4235
28530,100351,AU,4237
46265,100351,AU,4238
66141,100351,AU,4239
54011,100351,AU,4240
75196,100351,AU,4241
21471,100351,AU,4242
58673,100351,AU,4243
57815,100351,AU,4245
68099,100351,AU,4246
13859,100351,AU,4247
49837,100351,AU,4248
70888,100351,AU,4249
19689,100351,AU,4250
89267,100351,AU,4251
95814,100351,AU,4252
37254,100351,AU,4253
91685,100351,AU,4254
55840,100351,AU,4256
64331,100351,AU,4257
91439,100351,AU,4258
54562,100351,AU,4259
63405,100351,AU,4260
77267,100351,AU,4261
64884,100351,AU,4262
47814,100351,AU,4263
34324,100351,AU,4264
23932,100351,AU,4265
92468,100351,AU,4266
52461,100351,AU,4267
65867,100351,AU,4269
53015,100351,AU,4270
49628,100351,AU,4271
43063,100351,AU,4272
12294,100351,AU,4273
61043,100351,AU,4274
42952,100351,AU,4275
49711,100351,AU,4278
45460,100351,AU,4279
25297,100351,AU,4280
58606,100351,AU,4282
98857,100351,AU,4283
82237,100351,AU,4284
82301,100351,AU,4285
54870,100351,AU,4286
72800,100351,AU,4288
81443,100351,AU,4289
63395,100351,AU,4290
98315,100351,AU,4291
97902,100351,AU,4292
75284,100351,AU,4293
35981,100351,AU,4296
10899,100351,AU,4297
20417,100351,AU,4298
58261,100351,AU,4299
35847,100351,AU,4300
87194,100351,AU,4301
94593,100351,AU,4302
16522,100351,AU,4303
44332,100351,AU,4304
19475,100351,AU,4305
45245,100351,AU,4306
61982,100351,AU,4308
44287,100351,AU,4309
71203,100351,AU,4310
14660,100351,AU,4311
91203,100351,AU,4312
87511,100351,AU,4313
44235,100351,AU,4314
16589,100351,AU,4315
62190,100351,AU,4316
54101,100351,AU,4317
75043,100351,AU,4318
92727,100351,AU,4319
63319,100351,AU,4320
52257,100351,AU,4321
66882,100351,AU,4322
75605,100351,AU,4323
68965,100351,AU,4324
24578,100351,AU,4325
33113,100351,AU,4326
61196,100351,AU,4327
23421,100351,AU,4328
88726,100351,AU,4329
66815,100351,AU,4332
11048,100351,AU,4333
76361,100351,AU,4337
12837,100351,AU,4338
59473,100351,AU,4340
45063,100351,AU,4341
65965,100351,AU,4342
57339,100351,AU,4344
60242,100351,AU,4345
61124,100351,AU,4346
97144,100351,AU,4351
14598,100351,AU,4352
37269,100351,AU,4354
10473,100351,AU,4355
54350,100351,AU,4356
30731,100351,AU,4357
29997,100351,AU,4358
74470,100351,AU,4359
61406,100351,AU,4362
15750,100351,AU,4363
45788,100351,AU,4364
40398,100351,AU,4365
31183,100351,AU,4367
12355,100351,AU,4368
57063,100351,AU,4369
73713,100351,AU,4371
61371,100351,AU,4372
16905,100351,AU,4373
76871,100351,AU,4374
71865,100351,AU,4375
78879,100351,AU,4378
59993,100351,AU,4379
24927,100351,AU,4380
46842,100351,AU,4381
98495,100351,AU,4382
63567,100351,AU,4384
99361,100351,AU,4385
37048,100351,AU,4386
69613,100351,AU,4388
82490,100351,AU,4389
35285,100351,AU,4390
75329,100351,AU,4391
14237,100351,AU,4392
48906,100351,AU,4393
69250,100351,AU,4394
46976,100351,AU,9000
11864,100351,AU,9098
57138,100405,AU,8201
57505,100539,AU,8101
20063,100539,AU,8201
69812,100539,AU,8401
81725,100560,AU,8101
35607,100560,AU,8201
61004,100560,AU,8401
91394,100602,AU,8401
22052,100709,AU,8101
28783,100709,AU,8201
47124,100709,AU,8401
97171,100800,AU,2064
66435,100800,AU,2080
69253,100800,AU,2081
12570,100800,AU,2117
41435,100800,AU,2123
23469,100800,AU,2127
93394,100800,AU,2132
25960,100800,AU,2137
34250,100800,AU,2142
24976,100800,AU,2174
79465,100800,AU,2185
11752,100800,AU,2215
47981,100800,AU,2288
10426,100800,AU,2305
45812,100800,AU,8201
55936,101082,AU,8101
31842,101082,AU,8201
86067,101082,AU,8401
78375,101203,AU,1001
20442,101203,AU,1002
76465,101203,AU,1003
13732,101203,AU,1004
42446,101203,AU,1005
22480,101203,AU,1006
51824,101203,AU,1007
31918,101203,AU,1008
82408,101203,AU,1009
80186,101203,AU,1010
42664,101203,AU,1012
88371,101203,AU,1014
40173,101203,AU,1016
69233,101203,AU,1017
86644,101203,AU,1019
97635,101203,AU,1020
57616,101203,AU,1021
83841,101203,AU,1022
54296,101203,AU,1023
43045,101203,AU,1026
97175,101203,AU,1027
43794,101203,AU,1029
91393,101203,AU,1031
55604,101203,AU,1033
85703,101203,AU,1036
70260,101203,AU,1040
42648,101203,AU,1042
73977,101203,AU,1045
68943,101203,AU,1046
76558,101203,AU,1047
82139,101203,AU,1051
98281,101203,AU,1053
85068,101203,AU,1056
52346,101203,AU,1057
98798,101203,AU,1058
55709,101203,AU,1059
40695,101203,AU,1060
49182,101203,AU,1061
87013,101203,AU,1062
15002,101203,AU,1063
36158,101203,AU,1064
29277,101203,AU,1065
25284,101203,AU,1066
35422,101203,AU,1067
37258,101203,AU,1068
11801,101203,AU,1069
94826,101203,AU,1070
65888,101203,AU,1071
87822,101203,AU,1072
77883,101203,AU,1073
55225,101203,AU,1076
11523,101203,AU,1078
92501,101203,AU,1079
65491,101203,AU,1081
62881,101203,AU,1082
94813,101203,AU,1083
96069,101203,AU,1084
92345,101203,AU,1085
67975,101203,AU,1087
90850,101203,AU,1088
85321,101203,AU,1089
50750,101203,AU,1090
89539,101203,AU,1092
15694,101203,AU,1093
55318,101203,AU,1094
74787,101203,AU,1095
75571,101203,AU,1096
14738,101203,AU,1115
57670,101203,AU,1119
30258,101203,AU,1120
35153,101203,AU,1121
81755,101203,AU,1122
45060,101203,AU,1123
74274,101203,AU,1124
75869,101203,AU,1125
29711,101203,AU,1126
96922,101203,AU,1127
73756,101203,AU,1128
48192,101203,AU,1129
57121,101203,AU,1130
71046,101203,AU,1131
20575,101203,AU,1132
22606,101203,AU,1133
84719,101203,AU,1134
26855,101203,AU,1135
79136,101203,AU,1136
41744,101203,AU,1137
42385,101203,AU,1138
78890,101203,AU,1139
23383,101203,AU,1140
13432,101203,AU,1141
56992,101203,AU,1142
48626,101203,AU,1143
72459,101203,AU,1144
56096,101203,AU,1145
89230,101203,AU,1146
17678,101203,AU,1147
65766,101203,AU,1148
96856,101203,AU,1149
25137,101203,AU,1150
81262,101203,AU,1151
75415,101203,AU,1152
90918,101203,AU,1153
91733,101203,AU,1154
21362,101203,AU,1155
37789,101203,AU,1156
99334,101203,AU,1157
45869,101203,AU,1158
10982,101203,AU,1159
93214,101203,AU,1160
99308,101203,AU,1161
38968,101203,AU,1162
14841,101203,AU,1163
99665,101203,AU,1164
42646,101203,AU,1165
30294,101203,AU,1166
68953,101203,AU,1167
64870,101203,AU,1168
87287,101203,AU,1169
70116,101203,AU,1170
17119,101203,AU,1172
32830,101203,AU,1173
21168,101203,AU,1174
27476,101203,AU,1175
93762,101203,AU,1176
66652,101203,AU,1177
11912,101203,AU,1178
82169,101203,AU,1179
86448,101203,AU,1180
12840,101203,AU,1181
17499,101203,AU,1182
85334,101203,AU,1183
32966,101203,AU,1184
16274,101203,AU,1185
63120,101203,AU,1186
59337,101203,AU,1187
49405,101203,AU,1188
44415,101203,AU,1189
11757,101203,AU,1191
75423,101203,AU,1192
45307,101203,AU,1193
39535,101203,AU,1194
66811,101203,AU,1195
42212,101203,AU,1196
71571,101203,AU,1197
43106,101203,AU,1198
31599,101203,AU,1199
81163,101203,AU,1200
82663,101203,AU,1201
58303,101203,AU,1202
10865,101203,AU,1203
74833,101203,AU,1204
67688,101203,AU,1205
68875,101203,AU,1206
94405,101203,AU,1207
12039,101203,AU,1208
55259,101203,AU,1209
31578,101203,AU,1210
69833,101203,AU,1211
77401,101203,AU,1212
91074,101203,AU,1213
66310,101203,AU,1214
90113,101203,AU,1215
18328,101203,AU,1216
14637,101203,AU,1218
97486,101203,AU,1219
30899,101203,AU,1220
95354,101203,AU,1221
24461,101203,AU,1222
21883,101203,AU,1223
97258,101203,AU,1224
23233,101203,AU,1225
72706,101203,AU,1226
57879,101203,AU,1227
67375,101203,AU,1228
62578,101203,AU,1229
85742,101203,AU,1230
50933,101203,AU,1231
22335,101203,AU,1232
38699,101203,AU,1233
82441,101203,AU,1234
60946,101203,AU,1235
86743,101203,AU,1236
70935,101203,AU,1237
78367,101203,AU,1239
49349,101203,AU,1240
74973,101203,AU,1241
17964,101203,AU,1242
31822,101203,AU,1243
82972,101203,AU,1244
59741,101203,AU,1245
11513,101203,AU,1246
62794,101203,AU,1249
22420,101203,AU,1250
97569,101203,AU,1252
32968,101203,AU,1257
21190,101203,AU,1259
42087,101203,AU,1260
20596,101203,AU,1262
48650,101203,AU,1263
35331,101203,AU,1264
49376,101203,AU,1265
55526,101203,AU,1266
52083,101203,AU,1269
96344,101203,AU,1270
39061,101203,AU,1271
94806,101203,AU,1273
62770,101203,AU,1274
23121,101203,AU,1275
97110,101203,AU,1276
54802,101203,AU,1277
99777,101203,AU,1279
45400,101203,AU,1280
77823,101203,AU,1281
88908,101203,AU,1283
21194,101203,AU,1285
85554,101203,AU,1286
35202,101203,AU,1288
40290,101203,AU,1289
56928,101203,AU,1290
89663,101203,AU,1291
61562,101203,AU,1292
18182,101203,AU,1293
53905,101203,AU,1294
18666,101203,AU,1295
23705,101203,AU,1296
65275,101203,AU,1297
92273,101203,AU,1299
39405,101203,AU,1301
65869,101203,AU,1302
69709,101203,AU,1303
46991,101203,AU,1304
66490,101203,AU,1306
37212,101203,AU,1309
64868,101203,AU,1310
51198,101203,AU,1312
71143,101203,AU,1314
20734,101203,AU,1315
48382,101203,AU,1316
35530,101203,AU,1317
85234,101203,AU,1318
14781,101203,AU,1320
32266,101203,AU,1321
17577,101203,AU,1322
70748,101203,AU,1325
69476,101203,AU,1326
29753,101203,AU,1329
88904,101203,AU,1330
22754,101203,AU,1334
28176,101203,AU,1335
31751,101203,AU,1336
71076,101203,AU,1337
85261,101203,AU,1338
26014,101203,AU,1339
29708,101203,AU,1340
96611,101203,AU,1344
56018,101203,AU,1345
80990,101203,AU,1346
57674,101203,AU,1347
66140,101203,AU,1348
36571,101203,AU,1349
72382,101203,AU,1351
41019,101203,AU,1352
79501,101203,AU,1353
37271,101203,AU,1354
99849,101203,AU,1355
74890,101203,AU,1356
93814,101203,AU,1358
43041,101203,AU,1360
57986,101203,AU,1362
38646,101203,AU,1366
85381,101203,AU,1368
84018,101203,AU,1369
56945,101203,AU,1372
76152,101203,AU,1373
59781,101203,AU,1375
16350,101203,AU,1376
38097,101203,AU,1378
35041,101203,AU,1380
85443,101203,AU,1381
89068,101203,AU,1382
37517,101203,AU,1383
35056,101203,AU,1384
35873,101203,AU,1386
90253,101203,AU,1387
44003,101203,AU,1388
73514,101203,AU,1389
72895,101203,AU,1390
20410,101203,AU,1391
82798,101203,AU,1393
43362,101203,AU,1394
70210,101203,AU,1395
11468,101203,AU,1396
14598,101203,AU,1397
15770,101203,AU,1398
11787,101203,AU,1399
72137,101203,AU,1400
71233,101203,AU,1401
18075,101203,AU,1402
63464,101203,AU,1403
15205,101203,AU,1404
27416,101203,AU,1405
80743,101203,AU,1406
32152,101203,AU,1407
17865,101203,AU,1408
44830,101203,AU,1409
62329,101203,AU,1410
18889,101203,AU,1411
43901,101203,AU,1412
72689,101203,AU,1413
52509,101203,AU,1414
26559,101203,AU,1415
19696,101203,AU,1416
94724,101203,AU,1417
62841,101203,AU,1418
30436,101203,AU,1419
79385,101203,AU,1420
89988,101203,AU,1421
78040,101203,AU,1422
28876,101203,AU,1423
35151,101203,AU,1424
57289,101203,AU,1425
40347,101203,AU,1426
92211,101203,AU,1427
80807,101203,AU,1428
38179,101203,AU,1429
66994,101203,AU,1430
14777,101203,AU,1431
47427,101203,AU,1432
41091,101203,AU,1433
80160,101203,AU,1434
53911,101203,AU,1435
57689,101203,AU,1436
60154,101203,AU,1437
96288,101203,AU,1438
26703,101203,AU,1439
91754,101203,AU,1440
53140,101203,AU,1441
51308,101203,AU,1442
51071,101203,AU,1443
39439,101203,AU,1444
33584,101203,AU,1445
67397,101203,AU,1447
93301,101203,AU,1449
65065,101203,AU,1450
95113,101203,AU,1451
87354,101203,AU,1452
39156,101203,AU,1453
12553,101203,AU,1454
26264,101203,AU,1456
88845,101203,AU,1457
46209,101203,AU,1458
54957,101203,AU,1459
44274,101203,AU,1460
98336,101203,AU,1461
18125,101203,AU,1462
28280,101203,AU,1463
54201,101203,AU,1464
69870,101203,AU,1465
58916,101203,AU,1466
91573,101203,AU,1467
98220,101203,AU,1468
50369,101203,AU,1469
59562,101203,AU,1470
13312,101203,AU,1471
91183,101203,AU,1472
22297,101203,AU,1474
19191,101203,AU,1475
18988,101203,AU,1476
57292,101203,AU,1477
44656,101203,AU,1478
83926,101203,AU,1479
53898,101203,AU,1480
90469,101203,AU,1481
57426,101203,AU,1482
13701,101203,AU,1483
57350,101203,AU,1484
98512,101203,AU,1485
53317,101203,AU,1486
97930,101203,AU,1487
83440,101203,AU,1488
99775,101203,AU,1489
86629,101203,AU,1490
94325,101203,AU,1491
52373,101203,AU,1492
92001,101203,AU,1493
11415,101203,AU,1494
91518,101203,AU,1495
33753,101203,AU,1496
94253,101203,AU,1497
66716,101203,AU,1498
21818,101203,AU,1499
81862,101203,AU,1500
35044,101203,AU,1501
63447,101203,AU,1502
81673,101203,AU,1503
11704,101203,AU,1504
31917,101203,AU,1505
22936,101203,AU,1506
15039,101203,AU,1507
86825,101203,AU,1508
23016,101203,AU,1509
61841,101203,AU,1510
46941,101203,AU,1511
35088,101203,AU,1512
57206,101203,AU,1513
91877,101203,AU,1514
35843,101203,AU,1515
42505,101203,AU,1516
36580,101203,AU,1517
75619,101203,AU,1518
53313,101203,AU,1519
54205,101203,AU,1520
87366,101203,AU,1521
57761,101203,AU,1994
89236,101203,AU,2000
12821,101203,AU,2002
92975,101203,AU,2003
14888,101203,AU,2004
44895,101203,AU,2007
68811,101203,AU,2009
49045,101203,AU,2010
28117,101203,AU,2011
39616,101203,AU,2016
84851,101203,AU,2017
83130,101203,AU,2018
53376,101203,AU,2019
51618,101203,AU,2020
46589,101203,AU,2022
25292,101203,AU,2023
31445,101203,AU,2024
98626,101203,AU,2025
64095,101203,AU,2026
74334,101203,AU,2027
84711,101203,AU,2028
30266,101203,AU,2030
47418,101203,AU,2040
89686,101203,AU,2046
85394,101203,AU,2048
89443,101203,AU,2052
74281,101203,AU,2053
61188,101203,AU,2054
58778,101203,AU,2056
49843,101203,AU,2058
37339,101203,AU,2061
30476,101203,AU,2062
50452,101203,AU,2064
27609,101203,AU,2065
41692,101203,AU,2066
89632,101203,AU,2067
61726,101203,AU,2068
53223,101203,AU,2069
49537,101203,AU,2070
15216,101203,AU,2071
93368,101203,AU,2072
50975,101203,AU,2073
63124,101203,AU,2074
18908,101203,AU,2075
15603,101203,AU,2077
14503,101203,AU,2078
76040,101203,AU,2079
54396,101203,AU,2080
18306,101203,AU,2081
21490,101203,AU,2082
62900,101203,AU,2083
24465,101203,AU,2084
14027,101203,AU,2085
64187,101203,AU,2086
52177,101203,AU,2087
57928,101203,AU,2090
57716,101203,AU,2091
63202,101203,AU,2092
66007,101203,AU,2093
45333,101203,AU,2094
11808,101203,AU,2095
92324,101203,AU,2096
23564,101203,AU,2097
38415,101203,AU,2098
88769,101203,AU,2099
60833,101203,AU,2100
57884,101203,AU,2101
95211,101203,AU,2102
47876,101203,AU,2103
32611,101203,AU,2105
30064,101203,AU,2106
44388,101203,AU,2107
29316,101203,AU,2108
14329,101203,AU,2109
82070,101203,AU,2110
29178,101203,AU,2111
29872,101203,AU,2112
61890,101203,AU,2113
44457,101203,AU,2114
10662,101203,AU,2115
39845,101203,AU,2116
19259,101203,AU,2117
43915,101203,AU,2118
93235,101203,AU,2119
70977,101203,AU,2120
75381,101203,AU,2121
21200,101203,AU,2122
32927,101203,AU,2123
97010,101203,AU,2124
37382,101203,AU,2125
45939,101203,AU,2126
19033,101203,AU,2127
23035,101203,AU,2128
31684,101203,AU,2129
90562,101203,AU,2130
43186,101203,AU,2131
94000,101203,AU,2132
66912,101203,AU,2133
94074,101203,AU,2134
46947,101203,AU,2135
95274,101203,AU,2136
25176,101203,AU,2137
46445,101203,AU,2138
73828,101203,AU,2140
53153,101203,AU,2141
57842,101203,AU,2142
58668,101203,AU,2143
93317,101203,AU,2144
15743,101203,AU,2145
86297,101203,AU,2146
45554,101203,AU,2147
13036,101203,AU,2148
83542,101203,AU,2149
84010,101203,AU,2150
25071,101203,AU,2151
53274,101203,AU,2152
52492,101203,AU,2153
50983,101203,AU,2154
55205,101203,AU,2155
91869,101203,AU,2156
53205,101203,AU,2157
86087,101203,AU,2158
94231,101203,AU,2159
81230,101203,AU,2160
70776,101203,AU,2161
62514,101203,AU,2162
81697,101203,AU,2164
92334,101203,AU,2165
39929,101203,AU,2166
99162,101203,AU,2167
56987,101203,AU,2168
47562,101203,AU,2169
86939,101203,AU,2170
89745,101203,AU,2171
20019,101203,AU,2172
22630,101203,AU,2173
10313,101203,AU,2174
31622,101203,AU,2175
26794,101203,AU,2176
31841,101203,AU,2177
95127,101203,AU,2178
79694,101203,AU,2179
21565,101203,AU,2180
74058,101203,AU,2181
28445,101203,AU,2182
46533,101203,AU,2183
17606,101203,AU,2185
10868,101203,AU,2187
60638,101203,AU,2188
24351,101203,AU,2189
39130,101203,AU,2190
51883,101203,AU,2191
78028,101203,AU,2192
50916,101203,AU,2193
10207,101203,AU,2194
98549,101203,AU,2195
55110,101203,AU,2197
41660,101203,AU,2201
10810,101203,AU,2203
36290,101203,AU,2204
58545,101203,AU,2205
14032,101203,AU,2206
57421,101203,AU,2208
72110,101203,AU,2209
73364,101203,AU,2210
42780,101203,AU,2211
58515,101203,AU,2212
12748,101203,AU,2213
68759,101203,AU,2214
50590,101203,AU,2215
65314,101203,AU,2216
32817,101203,AU,2217
64843,101203,AU,2219
11063,101203,AU,2220
31942,101203,AU,2221
61178,101203,AU,2222
21390,101203,AU,2223
79629,101203,AU,2224
83153,101203,AU,2225
40938,101203,AU,2226
97660,101203,AU,2228
52517,101203,AU,2229
11422,101203,AU,2230
68046,101203,AU,2231
86044,101203,AU,2232
53342,101203,AU,2234
35833,101203,AU,2235
59844,101203,AU,2236
23267,101203,AU,2237
56713,101203,AU,2238
63247,101203,AU,2239
98079,101203,AU,2240
42900,101203,AU,2241
60274,101203,AU,2242
11910,101203,AU,2243
84886,101203,AU,2244
78943,101203,AU,2245
46124,101203,AU,2246
25524,101203,AU,2247
93027,101203,AU,2248
56737,101203,AU,2249
24124,101203,AU,2250
29538,101203,AU,2252
37718,101203,AU,2253
66431,101203,AU,2254
27543,101203,AU,2255
25293,101203,AU,2256
16430,101203,AU,2257
96215,101203,AU,2258
48255,101203,AU,2259
55471,101203,AU,2262
54099,101203,AU,2263
86112,101203,AU,2264
89044,101203,AU,2265
32963,101203,AU,2266
77378,101203,AU,2267
61702,101203,AU,2268
38117,101203,AU,2269
54533,101203,AU,2270
37517,101203,AU,2272
98829,101203,AU,2273
27638,101203,AU,2274
57523,101203,AU,2275
55152,101203,AU,2277
66472,101203,AU,2278
39254,101203,AU,2279
37586,101203,AU,2280
54988,101203,AU,2281
62649,101203,AU,2282
64164,101203,AU,2283
35032,101203,AU,2285
65434,101203,AU,2286
80493,101203,AU,2287
50252,101203,AU,2288
69689,101203,AU,2289
58065,101203,AU,2290
18137,101203,AU,2291
79825,101203,AU,2292
36205,101203,AU,2293
79886,101203,AU,2294
23626,101203,AU,2295
70614,101203,AU,2296
57439,101203,AU,2300
96757,101203,AU,2301
10143,101203,AU,2302
19073,101203,AU,2303
60231,101203,AU,2304
19360,101203,AU,2305
69893,101203,AU,2307
87142,101203,AU,2308
65709,101203,AU,2309
24237,101203,AU,2311
42893,101203,AU,2312
36550,101203,AU,2313
60283,101203,AU,2314
16402,101203,AU,2316
38658,101203,AU,2317
95896,101203,AU,2318
37940,101203,AU,2319
76411,101203,AU,2320
40290,101203,AU,2321
29035,101203,AU,2322
48475,101203,AU,2323
19558,101203,AU,2324
74463,101203,AU,2325
59545,101203,AU,2326
26154,101203,AU,2327
21690,101203,AU,2328
17798,101203,AU,2329
34545,101203,AU,2330
46622,101203,AU,2331
19024,101203,AU,2332
62039,101203,AU,2333
35474,101203,AU,2334
59364,101203,AU,2335
82036,101203,AU,2336
85377,101203,AU,2338
50035,101203,AU,2343
83885,101203,AU,2344
15918,101203,AU,2346
39280,101203,AU,2347
30453,101203,AU,2348
11296,101203,AU,2350
17772,101203,AU,2352
40786,101203,AU,2354
80189,101203,AU,2356
41280,101203,AU,2357
54381,101203,AU,2359
28125,101203,AU,2361
95845,101203,AU,2362
22839,101203,AU,2363
28126,101203,AU,2364
69585,101203,AU,2367
71191,101203,AU,2368
11252,101203,AU,2369
86012,101203,AU,2371
38908,101203,AU,2372
19053,101203,AU,2373
20560,101203,AU,2374
28978,101203,AU,2375
86662,101203,AU,2376
95350,101203,AU,2377
25461,101203,AU,2378
31367,101203,AU,2379
14535,101203,AU,2380
27548,101203,AU,2382
89464,101203,AU,2383
11695,101203,AU,2385
48062,101203,AU,2389
81988,101203,AU,2391
63706,101203,AU,2392
47278,101203,AU,2393
54477,101203,AU,2394
88429,101203,AU,2395
53706,101203,AU,2396
97754,101203,AU,2397
27521,101203,AU,2398
88354,101203,AU,2399
99079,101203,AU,2400
96766,101203,AU,2401
60025,101203,AU,2402
13577,101203,AU,2403
95722,101203,AU,2404
72090,101203,AU,2405
34547,101203,AU,2406
57573,101203,AU,2407
28218,101203,AU,2408
50238,101203,AU,2409
48103,101203,AU,2410
97789,101203,AU,2411
28982,101203,AU,2412
85921,101203,AU,2413
44709,101203,AU,2414
99352,101203,AU,2415
30643,101203,AU,2416
15202,101203,AU,2417
31261,101203,AU,2418
27820,101203,AU,2419
76579,101203,AU,2420
65676,101203,AU,2421
44545,101203,AU,2422
24887,101203,AU,3000
28527,101203,AU,3001
70189,101203,AU,3002
93396,101203,AU,3003
28492,101203,AU,3004
86171,101203,AU,3005
46259,101203,AU,3006
95869,101203,AU,3007
37643,101203,AU,3008
20269,101203,AU,3009
99068,101203,AU,3010
78248,101203,AU,3011
34728,101203,AU,3012
55027,101203,AU,3013
86066,101203,AU,3014
81011,101203,AU,3015
76510,101203,AU,3016
49082,101203,AU,3018
15426,101203,AU,3019
45820,101203,AU,3020
83665,101203,AU,3021
37056,101203,AU,3022
99847,101203,AU,3025
47903,101203,AU,3026
42477,101203,AU,3027
49887,101203,AU,3028
83118,101203,AU,3030
60053,101203,AU,3031
72783,101203,AU,3032
54073,101203,AU,3034
92765,101203,AU,3035
81275,101203,AU,3036
91258,101203,AU,3037
20026,101203,AU,3039
73529,101203,AU,3040
28838,101203,AU,3041
88282,101203,AU,3043
49788,101203,AU,3045
81839,101203,AU,3047
54243,101203,AU,3048
10240,101203,AU,3051
36050,101203,AU,3054
99253,101203,AU,3055
25381,101203,AU,3057
65980,101203,AU,3058
82408,101203,AU,3059
31507,101203,AU,3061
36046,101203,AU,3062
15856,101203,AU,3065
83261,101203,AU,3068
96323,101203,AU,3069
98837,101203,AU,3070
83789,101203,AU,3071
96736,101203,AU,3072
47826,101203,AU,3073
75253,101203,AU,3074
84459,101203,AU,3075
73628,101203,AU,3077
10776,101203,AU,3078
26442,101203,AU,3079
18630,101203,AU,3080
44532,101203,AU,3081
97649,101203,AU,3082
11559,101203,AU,3084
79334,101203,AU,3085
50638,101203,AU,3086
61689,101203,AU,3087
66159,101203,AU,3088
23061,101203,AU,3089
47126,101203,AU,3090
19714,101203,AU,3091
28704,101203,AU,3092
98304,101203,AU,3093
98723,101203,AU,3094
86401,101203,AU,3095
43799,101203,AU,3096
31855,101203,AU,3097
73517,101203,AU,3098
75118,101203,AU,3099
75044,101203,AU,3100
49693,101203,AU,3101
95155,101203,AU,3102
27059,101203,AU,3103
66880,101203,AU,3104
90574,101203,AU,3105
82498,101203,AU,3106
69518,101203,AU,3107
79934,101203,AU,3108
32521,101203,AU,3109
34079,101203,AU,3110
88422,101203,AU,4000
39401,101203,AU,4002
31957,101203,AU,4008
53174,101203,AU,4016
94346,101203,AU,4020
60432,101203,AU,4022
34847,101203,AU,4026
43646,101203,AU,4027
88782,101203,AU,4028
73883,101203,AU,4034
12303,101203,AU,4036
21689,101203,AU,4037
43142,101203,AU,4039
52862,101203,AU,4040
96881,101203,AU,4041
35009,101203,AU,4042
17758,101203,AU,4043
54402,101203,AU,4044
90426,101203,AU,4045
52833,101203,AU,4046
51752,101203,AU,4047
55518,101203,AU,4048
88642,101203,AU,4049
31089,101203,AU,4050
50967,101203,AU,4051
44654,101203,AU,4052
42268,101203,AU,4053
25623,101203,AU,4054
95915,101203,AU,4055
34632,101203,AU,4057
80910,101203,AU,4058
24785,101203,AU,4059
76167,101203,AU,4060
94047,101203,AU,4061
96787,101203,AU,4062
94960,101203,AU,4064
11976,101203,AU,4065
28896,101203,AU,4066
12835,101203,AU,4067
78503,101203,AU,4068
84474,101203,AU,4069
23856,101203,AU,4070
92663,101203,AU,4071
60963,101203,AU,4072
70217,101203,AU,4073
33272,101203,AU,4074
56565,101203,AU,4075
14922,101203,AU,4076
40786,101203,AU,4077
61428,101203,AU,4078
35383,101203,AU,4079
40717,101203,AU,4080
93709,101203,AU,4081
93053,101203,AU,4082
69049,101203,AU,4083
80733,101203,AU,4084
83042,101203,AU,4085
93673,101203,AU,4086
34501,101203,AU,4087
49336,101203,AU,4088
82739,101203,AU,4089
50498,101203,AU,4090
52054,101203,AU,4091
31099,101203,AU,4092
97307,101203,AU,4093
38948,101203,AU,4094
35397,101203,AU,4095
28504,101203,AU,4096
27096,101203,AU,4097
93871,101203,AU,4098
59667,101203,AU,4099
12800,101203,AU,4100
73578,101203,AU,4101
49918,101203,AU,4102
82782,101203,AU,4103
55237,101203,AU,4104
63278,101203,AU,4105
28434,101203,AU,4106
84121,101203,AU,4107
24956,101203,AU,4108
20529,101203,AU,4109
44010,101203,AU,4110
82976,101203,AU,4111
36886,101203,AU,4112
26199,101203,AU,4113
33425,101203,AU,4114
68775,101203,AU,4115
28279,101203,AU,4116
74080,101203,AU,4117
94444,101203,AU,4118
22616,101203,AU,4119
64734,101203,AU,4120
40136,101203,AU,4121
33085,101203,AU,4122
32362,101203,AU,4123
51129,101203,AU,4124
34811,101203,AU,4125
65473,101203,AU,4126
40217,101203,AU,4128
90991,101203,AU,4129
65581,101203,AU,4131
68537,101203,AU,4133
11028,101203,AU,4134
69709,101203,AU,4135
26207,101203,AU,4136
63090,101203,AU,4137
31746,101203,AU,4138
15889,101203,AU,4139
12655,101203,AU,4140
19394,101203,AU,4141
34468,101203,AU,4142
42633,101203,AU,4143
74856,101203,AU,4144
94645,101203,AU,4145
13217,101203,AU,4146
37032,101203,AU,4147
67815,101203,AU,4148
22504,101203,AU,4149
82114,101203,AU,4150
57816,101203,AU,4151
46145,101203,AU,4152
14117,101203,AU,4153
37828,101203,AU,4154
42388,101203,AU,4155
85945,101203,AU,4156
59142,101203,AU,4157
63829,101203,AU,4163
56626,101203,AU,4164
17259,101203,AU,4166
54176,101203,AU,4169
97559,101203,AU,4170
89533,101203,AU,4172
63527,101203,AU,4173
28608,101203,AU,4174
19225,101203,AU,4177
99326,101203,AU,4180
12463,101203,AU,4182
16057,101203,AU,4183
30621,101203,AU,4184
16828,101203,AU,4185
17566,101203,AU,4186
15023,101203,AU,4187
25066,101203,AU,4189
68341,101203,AU,4191
79611,101203,AU,4193
50979,101203,AU,4194
63870,101203,AU,4195
80565,101203,AU,4196
90885,101203,AU,4197
55900,101203,AU,4198
55148,101203,AU,4200
59056,101203,AU,4201
40534,101203,AU,4202
61071,101203,AU,4203
60924,101203,AU,4205
70560,101203,AU,4206
48513,101203,AU,4207
51975,101203,AU,4208
80997,101203,AU,4209
10372,101203,AU,4210
35415,101203,AU,4211
54167,101203,AU,4212
52393,101203,AU,4213
68172,101203,AU,4215
96357,101203,AU,4216
26550,101203,AU,4217
22174,101203,AU,4218
45738,101203,AU,4219
41814,101203,AU,4220
82967,101203,AU,4221
45292,101203,AU,4222
27869,101203,AU,4223
55776,101203,AU,4226
15412,101203,AU,4227
10931,101203,AU,4228
10360,101203,AU,4229
99635,101203,AU,4230
61321,101203,AU,4231
87907,101203,AU,4232
58688,101203,AU,4235
59131,101203,AU,4237
23808,101203,AU,4238
33926,101203,AU,4239
21155,101203,AU,4240
42371,101203,AU,4241
28837,101203,AU,4242
73745,101203,AU,4243
58776,101203,AU,4245
81440,101203,AU,4246
64699,101203,AU,4247
48404,101203,AU,4248
55501,101203,AU,4249
40077,101203,AU,4250
62448,101203,AU,4251
20375,101203,AU,4252
74378,101203,AU,4253
71496,101203,AU,4254
57000,101203,AU,4256
48748,101203,AU,4257
56670,101203,AU,4258
40669,101203,AU,4259
65099,101203,AU,4260
88377,101203,AU,4261
56803,101203,AU,4262
87177,101203,AU,4263
30076,101203,AU,4264
40821,101203,AU,4265
40082,101203,AU,4266
77875,101203,AU,4267
23871,101203,AU,4269
22594,101203,AU,4270
57825,101203,AU,4271
19375,101203,AU,4273
30417,101203,AU,4274
70724,101203,AU,4275
87166,101203,AU,4278
76486,101203,AU,4279
83521,101203,AU,4280
84032,101203,AU,4282
89788,101203,AU,4283
52913,101203,AU,4284
69864,101203,AU,4285
86383,101203,AU,4286
91411,101203,AU,4288
96634,101203,AU,4289
81051,101203,AU,4290
43199,101203,AU,4291
14021,101203,AU,4292
30495,101203,AU,4293
88996,101203,AU,4296
44510,101203,AU,4297
44045,101203,AU,4298
70768,101203,AU,4299
68012,101203,AU,4300
10879,101203,AU,4301
69206,101203,AU,4302
57857,101203,AU,4303
79117,101203,AU,4304
56135,101203,AU,4305
73335,101203,AU,4306
35183,101203,AU,4308
56571,101203,AU,4309
84508,101203,AU,4310
47012,101203,AU,4311
79922,101203,AU,4312
49961,101203,AU,4313
89509,101203,AU,4314
66654,101203,AU,4315
33639,101203,AU,4316
19619,101203,AU,4317
25322,101203,AU,4318
86376,101203,AU,4319
65915,101203,AU,4320
13181,101203,AU,4321
60152,101203,AU,4322
44368,101203,AU,4323
48588,101203,AU,4324
58460,101203,AU,4325
31071,101203,AU,4326
47022,101203,AU,4327
91616,101203,AU,4328
13718,101203,AU,4329
40006,101203,AU,4330
26336,101203,AU,4331
97939,101203,AU,4332
92834,101203,AU,4333
37355,101203,AU,4334
75132,101203,AU,4335
29422,101203,AU,4336
63167,101203,AU,4337
40242,101203,AU,4338
57214,101203,AU,4339
46424,101203,AU,4340
52555,101203,AU,4341
56202,101203,AU,4342
37634,101203,AU,4344
35594,101203,AU,4345
37760,101203,AU,4346
96407,101203,AU,4351
92889,101203,AU,4352
75657,101203,AU,4354
85591,101203,AU,4355
96975,101203,AU,4356
92835,101203,AU,4357
28740,101203,AU,4358
70096,101203,AU,4359
37882,101203,AU,4362
93279,101203,AU,4363
59558,101203,AU,4364
20315,101203,AU,4365
94565,101203,AU,4366
22381,101203,AU,4367
56784,101203,AU,4368
15727,101203,AU,4369
37997,101203,AU,4370
18632,101203,AU,4371
44384,101203,AU,4373
28955,101203,AU,4374
85224,101203,AU,4378
68615,101203,AU,4379
23282,101203,AU,4380
90641,101203,AU,4381
19166,101203,AU,4382
63302,101203,AU,4383
17610,101203,AU,4384
94319,101203,AU,4385
87255,101203,AU,4386
86405,101203,AU,4387
58353,101203,AU,4388
33370,101203,AU,4389
38402,101203,AU,4390
70605,101203,AU,4391
45617,101203,AU,4392
22086,101203,AU,4393
56837,101203,AU,4394
40726,101203,AU,8101
34981,101203,AU,8102
25157,101203,AU,8201
24117,101203,AU,8202
28740,101203,AU,8301
38193,101203,AU,8401
81599,101203,AU,8402
38967,101203,AU,8405
30233,101203,AU,9000
37123,101203,AU,9098
61994,101233,AU,8101
53854,101233,AU,8201
10285,101233,AU,8401
23255,101641,AU,8101
34554,101642,AU,8101
77637,101642,AU,8201
43914,101642,AU,8401
59520,101716,AU,8101
42827,101755,AU,8101
67093,101755,AU,8201
75535,101840,AU,8101
73876,101840,AU,8201
36899,101840,AU,8401
10983,101841,AU,8401
62658,101842,AU,8201
49518,101850,AU,8201
54756,101851,AU,1001
84543,101851,AU,1002
97832,101851,AU,1003
72217,101851,AU,1004
37399,101851,AU,1005
42582,101851,AU,1006
16769,101851,AU,1007
56504,101851,AU,1008
96595,101851,AU,1009
44667,101851,AU,1010
71915,101851,AU,1012
85876,101851,AU,1014
15898,101851,AU,1016
54103,101851,AU,1017
22967,101851,AU,1019
43396,101851,AU,1020
15702,101851,AU,1021
60880,101851,AU,1022
29085,101851,AU,1023
93951,101851,AU,1026
17353,101851,AU,1027
26141,101851,AU,1029
30915,101851,AU,1031
84412,101851,AU,1033
72079,101851,AU,1036
92097,101851,AU,1040
82406,101851,AU,1042
43564,101851,AU,1045
82191,101851,AU,1046
87030,101851,AU,1047
11295,101851,AU,1051
41327,101851,AU,1053
54194,101851,AU,1056
19522,101851,AU,1057
61664,101851,AU,1058
93305,101851,AU,1059
24411,101851,AU,1060
94472,101851,AU,1061
96377,101851,AU,1062
32641,101851,AU,1063
14939,101851,AU,1064
82650,101851,AU,1065
55042,101851,AU,1066
76018,101851,AU,1067
65935,101851,AU,1068
21636,101851,AU,1069
58841,101851,AU,1070
97145,101851,AU,1071
70010,101851,AU,1072
28875,101851,AU,1073
50624,101851,AU,1076
84223,101851,AU,1078
95781,101851,AU,1079
22709,101851,AU,1081
27310,101851,AU,1082
15383,101851,AU,1083
26365,101851,AU,1084
29717,101851,AU,1085
27079,101851,AU,1087
84646,101851,AU,1088
37621,101851,AU,1089
85493,101851,AU,1090
22396,101851,AU,1092
21098,101851,AU,1093
78010,101851,AU,1094
20602,101851,AU,1095
56570,101851,AU,1096
47507,101851,AU,1115
99093,101851,AU,1119
58748,101851,AU,1120
13046,101851,AU,1121
91966,101851,AU,1122
42998,101851,AU,1123
29598,101851,AU,1124
67602,101851,AU,1125
91829,101851,AU,1126
35570,101851,AU,1127
89156,101851,AU,1128
50457,101851,AU,1129
65817,101851,AU,1130
28840,101851,AU,1131
31681,101851,AU,1132
44101,101851,AU,1133
94146,101851,AU,1134
12659,101851,AU,1135
99743,101851,AU,1136
46663,101851,AU,1137
24317,101851,AU,1138
63758,101851,AU,1139
51066,101851,AU,1140
61152,101851,AU,1141
95423,101851,AU,1142
93092,101851,AU,1143
16706,101851,AU,1144
81735,101851,AU,1145
45191,101851,AU,1146
57441,101851,AU,1147
28308,101851,AU,1148
65639,101851,AU,1149
58576,101851,AU,1150
14373,101851,AU,1151
69025,101851,AU,1152
43791,101851,AU,1153
81330,101851,AU,1154
56479,101851,AU,1155
95636,101851,AU,1156
61405,101851,AU,1157
23265,101851,AU,1158
89194,101851,AU,1159
44726,101851,AU,1160
55835,101851,AU,1161
61420,101851,AU,1162
96635,101851,AU,1163
70101,101851,AU,1164
58975,101851,AU,1165
68891,101851,AU,1166
42799,101851,AU,1167
74910,101851,AU,1168
61105,101851,AU,1169
89846,101851,AU,1170
52229,101851,AU,1172
81550,101851,AU,1173
97244,101851,AU,1174
21095,101851,AU,1175
75608,101851,AU,1176
12344,101851,AU,1177
36344,101851,AU,1178
68264,101851,AU,1179
11933,101851,AU,1180
47231,101851,AU,1181
47308,101851,AU,1182
76726,101851,AU,1183
12753,101851,AU,1184
34172,101851,AU,1185
58316,101851,AU,1186
74986,101851,AU,1187
13229,101851,AU,1188
70136,101851,AU,1189
35040,101851,AU,1191
38106,101851,AU,1192
12779,101851,AU,1193
31494,101851,AU,1194
49687,101851,AU,1195
17127,101851,AU,1196
33897,101851,AU,1197
60668,101851,AU,1198
20601,101851,AU,1199
59966,101851,AU,1200
90036,101851,AU,1201
91571,101851,AU,1202
89170,101851,AU,1203
73798,101851,AU,1204
14856,101851,AU,1205
44049,101851,AU,1207
27357,101851,AU,1208
24837,101851,AU,1209
51248,101851,AU,1210
80589,101851,AU,1211
60243,101851,AU,1213
24301,101851,AU,1214
23092,101851,AU,1215
13855,101851,AU,1216
48411,101851,AU,1218
24732,101851,AU,1219
24043,101851,AU,1220
19795,101851,AU,1221
87873,101851,AU,1222
32241,101851,AU,1223
82827,101851,AU,1224
15722,101851,AU,1225
75330,101851,AU,1226
23049,101851,AU,1227
29014,101851,AU,1228
54156,101851,AU,1229
77461,101851,AU,1230
48633,101851,AU,1231
40153,101851,AU,1232
62989,101851,AU,1233
98940,101851,AU,1234
26929,101851,AU,1235
62185,101851,AU,1236
99600,101851,AU,1239
70895,101851,AU,1240
52157,101851,AU,1241
39516,101851,AU,1242
47205,101851,AU,1243
60164,101851,AU,1244
22557,101851,AU,1245
34339,101851,AU,1246
23496,101851,AU,1249
71470,101851,AU,1250
48827,101851,AU,1252
12774,101851,AU,1257
16755,101851,AU,1259
70625,101851,AU,1260
39465,101851,AU,1262
90704,101851,AU,1263
84589,101851,AU,1264
98694,101851,AU,1265
13433,101851,AU,1266
81505,101851,AU,1269
71988,101851,AU,1270
69425,101851,AU,1271
17063,101851,AU,1273
17312,101851,AU,1274
91695,101851,AU,1275
77292,101851,AU,1276
73078,101851,AU,1277
43933,101851,AU,1279
56996,101851,AU,1280
38267,101851,AU,1281
81921,101851,AU,1283
11804,101851,AU,1285
91392,101851,AU,1286
31758,101851,AU,1288
12937,101851,AU,1289
12903,101851,AU,1290
91908,101851,AU,1291
75576,101851,AU,1292
73197,101851,AU,1293
63758,101851,AU,1294
91121,101851,AU,1295
16590,101851,AU,1296
44707,101851,AU,1297
61427,101851,AU,1299
55787,101851,AU,1301
96194,101851,AU,1302
79103,101851,AU,1303
51581,101851,AU,1304
39762,101851,AU,1306
77555,101851,AU,1309
66097,101851,AU,1310
67754,101851,AU,1312
88497,101851,AU,1314
27368,101851,AU,1315
46015,101851,AU,1316
11469,101851,AU,1317
14742,101851,AU,1318
44734,101851,AU,1320
88742,101851,AU,1321
85879,101851,AU,1322
23430,101851,AU,1325
80702,101851,AU,1326
73396,101851,AU,1329
81908,101851,AU,1330
64983,101851,AU,1334
28162,101851,AU,1335
37784,101851,AU,1336
23344,101851,AU,1337
44794,101851,AU,1338
65557,101851,AU,1339
68676,101851,AU,1340
28029,101851,AU,1344
32111,101851,AU,1345
46962,101851,AU,1346
86160,101851,AU,1348
67436,101851,AU,1353
19145,101851,AU,1355
60603,101851,AU,2002
20139,101851,AU,2003
24139,101851,AU,2004
52295,101851,AU,2007
71324,101851,AU,2009
39260,101851,AU,2010
63860,101851,AU,2011
93913,101851,AU,2016
31285,101851,AU,2017
16901,101851,AU,2018
63716,101851,AU,2019
30532,101851,AU,2020
77680,101851,AU,2022
58702,101851,AU,2023
23137,101851,AU,2024
22860,101851,AU,2025
40321,101851,AU,2026
22746,101851,AU,2027
57635,101851,AU,2028
47756,101851,AU,2030
47967,101851,AU,2040
45764,101851,AU,2046
40346,101851,AU,2048
18614,101851,AU,2052
16458,101851,AU,2053
72876,101851,AU,2054
25474,101851,AU,2056
39435,101851,AU,2058
18626,101851,AU,2061
11448,101851,AU,2062
43413,101851,AU,2064
76291,101851,AU,2065
73016,101851,AU,2066
88227,101851,AU,2067
16909,101851,AU,2068
15581,101851,AU,2069
42773,101851,AU,2070
88771,101851,AU,2071
46380,101851,AU,2072
66340,101851,AU,2073
47397,101851,AU,2074
22039,101851,AU,2075
14115,101851,AU,2077
88640,101851,AU,2078
38820,101851,AU,2079
32315,101851,AU,2080
62789,101851,AU,2081
95272,101851,AU,2082
57371,101851,AU,2083
72195,101851,AU,2084
57958,101851,AU,2085
27869,101851,AU,2086
56227,101851,AU,2087
90238,101851,AU,2090
22438,101851,AU,2091
70681,101851,AU,2092
54634,101851,AU,2093
78746,101851,AU,2094
79264,101851,AU,2095
47776,101851,AU,2096
80459,101851,AU,2097
49873,101851,AU,2098
94525,101851,AU,2099
24781,101851,AU,2100
94165,101851,AU,2101
31230,101851,AU,2102
82235,101851,AU,2103
85090,101851,AU,2105
53659,101851,AU,2106
35649,101851,AU,2107
17773,101851,AU,2108
15578,101851,AU,2109
89113,101851,AU,2110
74154,101851,AU,2111
84278,101851,AU,2112
44365,101851,AU,2113
59124,101851,AU,2114
12378,101851,AU,2115
99276,101851,AU,2116
62766,101851,AU,2117
94395,101851,AU,2118
40762,101851,AU,2119
60649,101851,AU,2120
51041,101851,AU,2121
73430,101851,AU,2122
52408,101851,AU,2123
21732,101851,AU,2124
80966,101851,AU,2125
75414,101851,AU,2126
72668,101851,AU,2127
74194,101851,AU,2128
48251,101851,AU,2129
87406,101851,AU,2131
48725,101851,AU,2132
42702,101851,AU,2133
33170,101851,AU,2134
37701,101851,AU,2135
11442,101851,AU,2136
20802,101851,AU,2137
98637,101851,AU,2138
12512,101851,AU,2141
69476,101851,AU,2142
34777,101851,AU,2143
94949,101851,AU,2144
98691,101851,AU,2145
54783,101851,AU,2146
94079,101851,AU,2147
89310,101851,AU,2148
31300,101851,AU,2149
57981,101851,AU,2150
55792,101851,AU,2151
11141,101851,AU,2152
66493,101851,AU,2153
17994,101851,AU,2154
14872,101851,AU,2155
16543,101851,AU,2156
73304,101851,AU,2157
84869,101851,AU,2158
94943,101851,AU,2159
88409,101851,AU,2160
45860,101851,AU,2161
17922,101851,AU,2162
21940,101851,AU,2164
18788,101851,AU,2165
21558,101851,AU,2166
64377,101851,AU,2167
47072,101851,AU,2168
84220,101851,AU,2169
14442,101851,AU,2170
28976,101851,AU,2171
18946,101851,AU,2172
55313,101851,AU,2173
54975,101851,AU,2174
90399,101851,AU,2175
84047,101851,AU,2176
45406,101851,AU,2177
75688,101851,AU,2178
72132,101851,AU,2179
90182,101851,AU,2180
73613,101851,AU,2181
28775,101851,AU,2182
94417,101851,AU,2183
22753,101851,AU,2185
78925,101851,AU,2187
33638,101851,AU,2188
66156,101851,AU,2189
91190,101851,AU,2190
38640,101851,AU,2191
71446,101851,AU,2192
35563,101851,AU,2193
16385,101851,AU,2194
75529,101851,AU,2195
21827,101851,AU,2197
16611,101851,AU,2201
66180,101851,AU,2203
91576,101851,AU,2204
28637,101851,AU,2205
71543,101851,AU,2208
13419,101851,AU,2209
14046,101851,AU,2210
85399,101851,AU,2211
12533,101851,AU,2212
41861,101851,AU,2213
19353,101851,AU,2214
49345,101851,AU,2215
33963,101851,AU,2216
25098,101851,AU,2217
33231,101851,AU,2219
46506,101851,AU,2220
49382,101851,AU,2221
52348,101851,AU,2222
99873,101851,AU,2223
52958,101851,AU,2224
62528,101851,AU,2225
43691,101851,AU,2226
46291,101851,AU,2228
37642,101851,AU,2229
37003,101851,AU,2230
66824,101851,AU,2231
87429,101851,AU,2232
18087,101851,AU,2234
55640,101851,AU,2235
21417,101851,AU,2236
58745,101851,AU,2237
57622,101851,AU,2238
75864,101851,AU,2239
86495,101851,AU,2240
59735,101851,AU,2242
80941,101851,AU,2243
14467,101851,AU,2244
47685,101851,AU,2245
23971,101851,AU,2246
44797,101851,AU,2247
67562,101851,AU,2248
98449,101851,AU,2249
89844,101851,AU,2250
92922,101851,AU,2252
91804,101851,AU,2253
81340,101851,AU,2254
73659,101851,AU,2255
51126,101851,AU,2256
69808,101851,AU,2257
35117,101851,AU,2258
63784,101851,AU,2259
51126,101851,AU,2260
89382,101851,AU,2261
55124,101851,AU,2262
24041,101851,AU,2263
86735,101851,AU,2264
28571,101851,AU,2265
17893,101851,AU,2266
31814,101851,AU,2267
41113,101851,AU,2268
73429,101851,AU,2269
97927,101851,AU,2270
79254,101851,AU,2272
83889,101851,AU,2273
87948,101851,AU,2274
96291,101851,AU,2275
63091,101851,AU,2277
94993,101851,AU,2278
20909,101851,AU,2279
36303,101851,AU,2280
60912,101851,AU,2281
21129,101851,AU,2282
37189,101851,AU,2283
99241,101851,AU,2285
36745,101851,AU,2286
27329,101851,AU,2287
26018,101851,AU,2288
70536,101851,AU,2289
98588,101851,AU,2290
23149,101851,AU,2291
88618,101851,AU,2292
21945,101851,AU,2293
60473,101851,AU,2294
77822,101851,AU,2295
40509,101851,AU,2296
28406,101851,AU,2301
14250,101851,AU,2302
91689,101851,AU,2303
39323,101851,AU,2304
33423,101851,AU,2305
59474,101851,AU,2307
48703,101851,AU,2308
94515,101851,AU,2309
76395,101851,AU,2311
20157,101851,AU,2312
16673,101851,AU,2313
67244,101851,AU,2316
24730,101851,AU,2317
55668,101851,AU,2318
33242,101851,AU,2319
96560,101851,AU,2321
32264,101851,AU,2322
24894,101851,AU,2323
45010,101851,AU,3001
65608,101851,AU,3002
37431,101851,AU,3003
23537,101851,AU,3004
23106,101851,AU,3005
23669,101851,AU,3007
29657,101851,AU,4000
62323,101851,AU,4002
76990,101851,AU,4008
12785,101851,AU,4016
49922,101851,AU,4020
15670,101851,AU,4022
49105,101851,AU,4026
11975,101851,AU,4027
76328,101851,AU,4028
25102,101851,AU,4034
31985,101851,AU,4036
61044,101851,AU,4037
58192,101851,AU,4039
69602,101851,AU,4040
85247,101851,AU,4041
99983,101851,AU,4042
55986,101851,AU,4043
14807,101851,AU,4044
11689,101851,AU,4045
57427,101851,AU,4046
60310,101851,AU,4047
22888,101851,AU,4048
69004,101851,AU,4049
22244,101851,AU,4050
94782,101851,AU,4051
90122,101851,AU,4052
63277,101851,AU,4053
32541,101851,AU,4054
14552,101851,AU,4055
96632,101851,AU,4057
36526,101851,AU,4058
43136,101851,AU,4059
40574,101851,AU,4060
38043,101851,AU,4061
35949,101851,AU,4062
77212,101851,AU,4064
84756,101851,AU,4065
11283,101851,AU,4066
43078,101851,AU,4067
55636,101851,AU,4068
36107,101851,AU,4069
64932,101851,AU,4070
28582,101851,AU,4071
59171,101851,AU,4072
47141,101851,AU,4073
17579,101851,AU,4074
36353,101851,AU,4075
55154,101851,AU,4076
92613,101851,AU,4077
49579,101851,AU,4078
60140,101851,AU,4079
70457,101851,AU,4080
14365,101851,AU,4081
35408,101851,AU,4082
73545,101851,AU,4083
27952,101851,AU,4084
32033,101851,AU,4085
14994,101851,AU,4086
87024,101851,AU,4087
97040,101851,AU,4088
53283,101851,AU,4089
99130,101851,AU,4090
43993,101851,AU,4091
51958,101851,AU,4092
33960,101851,AU,4093
48759,101851,AU,4094
49858,101851,AU,4095
13248,101851,AU,4096
73891,101851,AU,4097
74955,101851,AU,4098
46026,101851,AU,4099
97350,101851,AU,4100
12589,101851,AU,4101
37107,101851,AU,4102
15132,101851,AU,4103
39954,101851,AU,4104
53247,101851,AU,4105
70740,101851,AU,4106
96898,101851,AU,4107
35527,101851,AU,4108
45395,101851,AU,4109
89092,101851,AU,4110
95112,101851,AU,4111
48344,101851,AU,4112
93018,101851,AU,4113
93993,101851,AU,4114
95883,101851,AU,4115
31653,101851,AU,4116
74318,101851,AU,4117
73940,101851,AU,4118
63450,101851,AU,4119
85666,101851,AU,4120
14132,101851,AU,4121
33776,101851,AU,4122
93609,101851,AU,4123
67587,101851,AU,4124
23022,101851,AU,4125
42157,101851,AU,4126
31844,101851,AU,4128
77942,101851,AU,4129
36159,101851,AU,4133
62798,101851,AU,4134
47036,101851,AU,4135
68482,101851,AU,4136
28080,101851,AU,4137
48636,101851,AU,4138
36369,101851,AU,4139
30602,101851,AU,4140
44702,101851,AU,4141
28539,101851,AU,4142
25180,101851,AU,4143
63813,101851,AU,4144
67202,101851,AU,4145
28434,101851,AU,4146
86087,101851,AU,4147
94211,101851,AU,4148
92997,101851,AU,4149
21670,101851,AU,4150
20974,101851,AU,4151
57205,101851,AU,4152
39565,101851,AU,4153
88444,101851,AU,4154
67492,101851,AU,4155
73613,101851,AU,4156
81373,101851,AU,4157
89426,101851,AU,4164
52827,101851,AU,4166
68392,101851,AU,4169
62651,101851,AU,4170
52509,101851,AU,4172
10489,101851,AU,4173
27773,101851,AU,4174
11776,101851,AU,4177
47556,101851,AU,4180
95143,101851,AU,4182
89827,101851,AU,4183
23062,101851,AU,4184
56525,101851,AU,4185
69973,101851,AU,4186
69935,101851,AU,4187
48252,101851,AU,4189
57153,101851,AU,4191
98229,101851,AU,4194
65867,101851,AU,4195
20899,101851,AU,4196
77012,101851,AU,4197
27274,101851,AU,4198
94347,101851,AU,4200
64357,101851,AU,4202
43741,101851,AU,4203
93353,101851,AU,4205
68705,101851,AU,4207
67166,101851,AU,4210
47440,101851,AU,4211
11739,101851,AU,4212
93817,101851,AU,4213
76126,101851,AU,4215
78359,101851,AU,4218
62805,101851,AU,4219
45803,101851,AU,4220
70602,101851,AU,8101
66404,101851,AU,8201
38417,101851,AU,8401
31622,101851,AU,9000
64912,101853,AU,8101
30952,101853,AU,8201
49091,101853,AU,8401
17146,101854,AU,8101
70754,101854,AU,8201
20830,101854,AU,8401
69394,101865,AU,8101
96413,101870,AU,8401
22094,101871,AU,8401
85626,101900,AU,8401
43688,101965,AU,8101
83314,101968,AU,8101
25932,101968,AU,8201
53533,101968,AU,8401
17152,102010,AU,8101
94826,102010,AU,8201
84345,102010,AU,8401
60793,102017,AU,8201
45094,102020,AU,8201
30162,102025,AU,8101
62506,102025,AU,8102
50521,102026,AU,8101
28423,102027,AU,8401
56550,102027,AU,8402
26848,102027,AU,8403
81378,102027,AU,8404
30130,102027,AU,8405
67902,102028,AU,8201
62820,102029,AU,8401
64721,102030,AU,8101
33018,102030,AU,8201
20564,102030,AU,8401
70567,102035,AU,8101
93660,102035,AU,8201
95879,102035,AU,8301
56764,102035,AU,8401
76135,102040,AU,8101
98190,102040,AU,8102
28593,102041,AU,8201
37218,102041,AU,8202
62085,102042,AU,8401
99382,102042,AU,8402
36257,102042,AU,8403
31514,102042,AU,8404
46567,102042,AU,8405
94249,102061,AU,8101
21331,102061,AU,8201
41260,102061,AU,8401
22370,102062,AU,8401
33665,102063,AU,8201
58672,102070,AU,8101
55391,102070,AU,8201
10713,102070,AU,8401
57652,102071,AU,8101
95274,102071,AU,8201
74965,102071,AU,8401
53118,102071,AU,8403
75603,102071,AU,8404
84003,102072,AU,8101
66659,102072,AU,8201
30387,102072,AU,8401
33109,102073,AU,8101
59165,102104,AU,8101
69327,102104,AU,8201
99522,102104,AU,8401
26909,102113,AU,8401
43965,102120,AU,8101
77132,102130,AU,8101
18993,102130,AU,8201
71369,102130,AU,8401
11001,102140,AU,8201
82960,102141,AU,8101
73965,102151,AU,8101
69323,102151,AU,8201
65320,102151,AU,8401
86055,102152,AU,8101
95561,102152,AU,8201
28346,102152,AU,8401
62149,102153,AU,8101
64094,102153,AU,8201
25068,102153,AU,8401
65233,102156,AU,8101
37459,102156,AU,8201
90905,102156,AU,8401
60588,102158,AU,8101
50799,102158,AU,8201
13535,102158,AU,8401
46053,102159,AU,8201
10671,102160,AU,8101
84035,102162,AU,8401
82387,102180,AU,8301
16462,102197,AU,8101
45944,102213,AU,8101
89415,102214,AU,8201
16995,102215,AU,8401
13842,102222,AU,8101
56473,102222,AU,8201
97372,102222,AU,8301
22271,102222,AU,8401
37733,102230,AU,8101
71400,102230,AU,8201
58060,102230,AU,8401
49059,102231,AU,8201
26640,102232,AU,1004
65710,102232,AU,1022
75371,102232,AU,1029
87870,102232,AU,1033
71573,102232,AU,1064
30828,102232,AU,1078
32251,102232,AU,1150
56025,102232,AU,1152
74659,102232,AU,1158
32317,102232,AU,1187
60539,102240,AU,8101
54360,102240,AU,8201
23035,102240,AU,8401
26739,102245,AU,8101
57756,102245,AU,8201
62750,102245,AU,8401
94206,102250,AU,8101
32328,102250,AU,8201
48698,102250,AU,8401
46566,102251,AU,8101
27922,102251,AU,8201
58414,102251,AU,8401
62394,102256,AU,8101
67080,102257,AU,8201
13640,102258,AU,8401
61758,102260,AU,8101
90311,102288,AU,8101
76609,102288,AU,8201
86904,102290,AU,8201
15606,102291,AU,8101
27472,102292,AU,8101
26827,102301,AU,8101
11784,102301,AU,8201
47877,102301,AU,8401
28088,102303,AU,8201
67099,102303,AU,8202
31262,102310,AU,8101
39857,102310,AU,8102
23236,102310,AU,8201
31583,102310,AU,8202
18848,102310,AU,8401
15890,102310,AU,8402
71423,102315,AU,8101
51307,102315,AU,8201
58126,102315,AU,8401
46864,102316,AU,8101
74640,102328,AU,8101
32549,102328,AU,8201
30020,102328,AU,8401
28747,102331,AU,8201
26864,102336,AU,8401
56854,102336,AU,8403
76303,102336,AU,8404
54808,102336,AU,8405
82901,102340,AU,8201
14285,102345,AU,8101
62188,102346,AU,8401
75433,102360,AU,8401
30383,102369,AU,8101
55029,102369,AU,8201
76079,102369,AU,8301
87432,102369,AU,8401
19945,102369,AU,8405
26664,102380,AU,8101
64125,102380,AU,8201
84270,102380,AU,8401
27200,102389,AU,8101
94228,102389,AU,8102
86950,102390,AU,8201
33324,102390,AU,8202
48297,102391,AU,8401
23280,102391,AU,8402
32088,102393,AU,8101
12365,102393,AU,8201
53000,102393,AU,8301
98167,102393,AU,8401
83664,102396,AU,8101
66504,102396,AU,8201
69775,102396,AU,8401
94417,102406,AU,8101
36412,102406,AU,8201
31173,102406,AU,8401
60817,102410,AU,8101
69898,102410,AU,8201
58012,102410,AU,8401
93244,102562,AU,8101
41423,102562,AU,8201
65853,102562,AU,8401
56181,102572,AU,8101
86089,102575,AU,8101
87327,102575,AU,8201
67900,102575,AU,8401
99552,102585,AU,8101
15023,102585,AU,8201
69662,102585,AU,8401
54725,102586,AU,8201
26695,102587,AU,8401
78953,102590,AU,8101
81034,102590,AU,8201
19455,102590,AU,8401
24789,102593,AU,1001
72384,102593,AU,1002
24798,102593,AU,1003
68178,102593,AU,1004
96962,102593,AU,1005
75864,102593,AU,1006
10492,102593,AU,1007
73710,102593,AU,1008
84571,102593,AU,1009
98964,102593,AU,1010
24621,102593,AU,1012
36267,102593,AU,1014
83166,102593,AU,1016
66375,102593,AU,1017
74868,102593,AU,1019
63947,102593,AU,1020
19172,102593,AU,1021
46667,102593,AU,1022
10150,102593,AU,1023
28632,102593,AU,1026
87185,102593,AU,1027
65846,102593,AU,1029
19824,102593,AU,1031
60833,102593,AU,1033
35406,102593,AU,1036
15015,102593,AU,1040
96728,102593,AU,1042
64652,102593,AU,1045
35522,102593,AU,1046
55004,102593,AU,1047
18504,102593,AU,1051
67412,102593,AU,1053
89128,102593,AU,1056
74067,102593,AU,1057
91034,102593,AU,1058
13693,102593,AU,1059
41267,102593,AU,1060
78828,102593,AU,1061
85203,102593,AU,1062
43489,102593,AU,1063
58578,102593,AU,1064
94203,102593,AU,1065
95570,102593,AU,1066
99648,102593,AU,1067
34177,102593,AU,1068
28424,102593,AU,1069
32364,102593,AU,1070
58248,102593,AU,1071
49430,102593,AU,1072
61163,102593,AU,1073
55417,102593,AU,1076
88940,102593,AU,1078
72750,102593,AU,1079
11841,102593,AU,1081
24389,102593,AU,1082
45071,102593,AU,1083
18303,102593,AU,1084
81403,102593,AU,1085
38105,102593,AU,1087
70591,102593,AU,1088
62538,102593,AU,1089
14138,102593,AU,1090
27544,102593,AU,1092
88311,102593,AU,1093
12159,102593,AU,1094
48591,102593,AU,1095
75094,102593,AU,1096
39740,102593,AU,1115
64421,102593,AU,1119
16294,102593,AU,1120
95389,102593,AU,1121
75744,102593,AU,1122
70375,102593,AU,1123
84799,102593,AU,1124
77958,102593,AU,1125
38405,102593,AU,1126
76317,102593,AU,1127
96064,102593,AU,1128
42314,102593,AU,1129
98795,102593,AU,1130
83013,102593,AU,1131
67488,102593,AU,1132
29156,102593,AU,1133
62931,102593,AU,1134
28486,102593,AU,1135
84838,102593,AU,1136
31793,102593,AU,1137
33980,102593,AU,1138
94377,102593,AU,1139
21704,102593,AU,1140
97620,102593,AU,1141
47410,102593,AU,1142
52762,102593,AU,1143
62489,102593,AU,1144
10443,102593,AU,1145
85592,102593,AU,1146
14847,102593,AU,1147
30127,102593,AU,1148
28945,102593,AU,1149
17902,102593,AU,1150
81224,102593,AU,1151
84982,102593,AU,1152
85755,102593,AU,1153
49268,102593,AU,1154
79892,102593,AU,1155
57301,102593,AU,1156
99094,102593,AU,1157
64992,102593,AU,1158
87275,102593,AU,1159
90462,102593,AU,1160
74749,102593,AU,1161
44046,102593,AU,1162
67244,102593,AU,1163
10635,102593,AU,1164
78803,102593,AU,1165
33208,102593,AU,1166
55044,102593,AU,1167
99327,102593,AU,1168
78164,102593,AU,1169
11083,102593,AU,1170
49878,102593,AU,1172
87765,102593,AU,1173
57309,102593,AU,1174
70471,102593,AU,1175
48821,102593,AU,1176
14637,102593,AU,1177
96616,102593,AU,1178
74115,102593,AU,1179
44946,102593,AU,1180
84225,102593,AU,1181
79328,102593,AU,1182
63918,102593,AU,1183
45178,102593,AU,1184
18561,102593,AU,1185
15592,102593,AU,1186
87741,102593,AU,1187
76090,102593,AU,1188
42107,102593,AU,1189
86342,102593,AU,1191
70998,102593,AU,1192
91707,102593,AU,1193
57486,102593,AU,1194
70470,102593,AU,1195
31152,102593,AU,1196
54336,102593,AU,1197
63625,102593,AU,1198
87973,102593,AU,1199
93379,102593,AU,1200
21339,102593,AU,1201
69292,102593,AU,1202
39852,102593,AU,1203
58965,102593,AU,1204
61823,102593,AU,1205
94612,102593,AU,1207
48630,102593,AU,1208
32237,102593,AU,1209
59034,102593,AU,1210
95203,102593,AU,1211
45598,102593,AU,1213
99111,102593,AU,1214
10365,102593,AU,1215
19168,102593,AU,1216
24394,102593,AU,1218
79039,102593,AU,1219
14350,102593,AU,1220
38722,102593,AU,1221
40981,102593,AU,1222
75678,102593,AU,1223
42035,102593,AU,1224
85327,102593,AU,1225
22186,102593,AU,1226
11493,102593,AU,1227
35681,102593,AU,1228
58854,102593,AU,1229
23492,102593,AU,1230
91824,102593,AU,1231
97017,102593,AU,1232
31665,102593,AU,1233
23579,102593,AU,1234
71994,102593,AU,1235
23916,102593,AU,1236
69657,102593,AU,1237
47428,102593,AU,1239
31199,102593,AU,1240
94779,102593,AU,1241
22573,102593,AU,1242
56494,102593,AU,1243
99742,102593,AU,1244
47761,102593,AU,1245
53230,102593,AU,1246
35132,102593,AU,1249
37563,102593,AU,1250
58297,102593,AU,1252
23813,102593,AU,1257
43181,102593,AU,1259
76280,102593,AU,1260
18126,102593,AU,1262
38902,102593,AU,1263
37922,102593,AU,1264
52905,102593,AU,1265
79805,102593,AU,1266
61842,102593,AU,1269
34259,102593,AU,1270
34257,102593,AU,1271
53310,102593,AU,1273
67329,102593,AU,1274
40600,102593,AU,1275
20620,102593,AU,1276
50295,102593,AU,1277
50590,102593,AU,1279
28812,102593,AU,1280
16260,102593,AU,1281
37788,102593,AU,1283
62133,102593,AU,1285
32681,102593,AU,1286
12130,102593,AU,1288
71426,102593,AU,1289
64204,102593,AU,1290
94234,102593,AU,1291
96646,102593,AU,1292
46505,102593,AU,1293
44374,102593,AU,1294
15968,102593,AU,1295
74644,102593,AU,1296
92391,102593,AU,1297
24113,102593,AU,1299
32807,102593,AU,1301
97877,102593,AU,1302
71902,102593,AU,1303
65768,102593,AU,1304
14336,102593,AU,1306
54783,102593,AU,1309
62931,102593,AU,1310
46217,102593,AU,1312
35321,102593,AU,1314
89633,102593,AU,1315
95024,102593,AU,1316
66091,102593,AU,1317
38893,102593,AU,1318
12173,102593,AU,1320
63292,102593,AU,1321
77256,102593,AU,1322
38835,102593,AU,1325
12610,102593,AU,1326
16918,102593,AU,1329
51976,102593,AU,1330
45162,102593,AU,1334
11161,102593,AU,1335
92150,102593,AU,1336
85043,102593,AU,1337
96410,102593,AU,1338
28378,102593,AU,1339
78688,102593,AU,1340
96572,102593,AU,1344
84790,102593,AU,1345
26767,102593,AU,1346
27629,102593,AU,1347
52383,102593,AU,1348
11502,102593,AU,1349
94418,102593,AU,1351
67622,102593,AU,1352
68518,102593,AU,1353
15466,102593,AU,1354
20532,102593,AU,1355
37696,102593,AU,1356
41561,102593,AU,1358
99422,102593,AU,1360
12842,102593,AU,1362
31213,102593,AU,1366
88258,102593,AU,1368
40885,102593,AU,1369
54881,102593,AU,1372
81866,102593,AU,1373
64769,102593,AU,1375
77109,102593,AU,1376
41735,102593,AU,1378
88346,102593,AU,1380
59206,102593,AU,1381
79091,102593,AU,1382
17774,102593,AU,1383
65835,102593,AU,1386
44143,102593,AU,1387
64561,102593,AU,1388
79516,102593,AU,1389
10952,102593,AU,1390
18098,102593,AU,1391
19949,102593,AU,1393
38264,102593,AU,1394
63230,102593,AU,1395
35104,102593,AU,1396
96050,102593,AU,1397
65893,102593,AU,1398
30698,102593,AU,1399
77211,102593,AU,1400
33932,102593,AU,1401
79391,102593,AU,1402
17487,102593,AU,1403
83336,102593,AU,1404
32450,102593,AU,1405
29650,102593,AU,1406
55798,102593,AU,1407
12227,102593,AU,1408
54230,102593,AU,1409
46771,102593,AU,1410
74641,102593,AU,1411
78413,102593,AU,1412
55558,102593,AU,1413
62197,102593,AU,1414
18755,102593,AU,1415
15700,102593,AU,1417
62740,102593,AU,1418
57938,102593,AU,1419
15927,102593,AU,1420
46955,102593,AU,1421
72142,102593,AU,1422
12927,102593,AU,1423
64325,102593,AU,1424
62991,102593,AU,1425
29681,102593,AU,1426
55121,102593,AU,1427
57288,102593,AU,1428
25221,102593,AU,1429
69840,102593,AU,1430
45285,102593,AU,1431
29985,102593,AU,1432
96310,102593,AU,1433
48560,102593,AU,1434
66600,102593,AU,1435
59160,102593,AU,1436
51772,102593,AU,1437
67089,102593,AU,2002
68654,102593,AU,2003
71557,102593,AU,2004
53213,102593,AU,2007
94615,102593,AU,2009
79776,102593,AU,2010
83475,102593,AU,2011
16425,102593,AU,2016
90429,102593,AU,2017
92940,102593,AU,2018
78838,102593,AU,2019
17200,102593,AU,2020
60687,102593,AU,2022
17313,102593,AU,2023
17730,102593,AU,2024
92029,102593,AU,2025
10501,102593,AU,2026
21539,102593,AU,2027
15078,102593,AU,2028
38254,102593,AU,2030
22274,102593,AU,2040
35466,102593,AU,2046
48390,102593,AU,2048
75675,102593,AU,2052
47577,102593,AU,2053
54875,102593,AU,2054
57384,102593,AU,2056
37488,102593,AU,2058
86538,102593,AU,2061
55834,102593,AU,2062
23857,102593,AU,2064
24745,102593,AU,2065
39267,102593,AU,2066
37771,102593,AU,2067
11686,102593,AU,2068
32632,102593,AU,2069
34944,102593,AU,2070
66124,102593,AU,2071
52561,102593,AU,2072
39307,102593,AU,2073
46120,102593,AU,2074
23180,102593,AU,2075
95016,102593,AU,2077
46524,102593,AU,2078
69326,102593,AU,2079
49094,102593,AU,2080
51941,102593,AU,2081
35175,102593,AU,2082
86634,102593,AU,2083
51417,102593,AU,2084
43751,102593,AU,2085
30387,102593,AU,2086
36466,102593,AU,2087
37510,102593,AU,2090
53904,102593,AU,2091
20167,102593,AU,2092
51989,102593,AU,2093
90197,102593,AU,2094
48441,102593,AU,2095
12195,102593,AU,2096
22102,102593,AU,2097
98552,102593,AU,2098
24688,102593,AU,2099
38174,102593,AU,2100
86730,102593,AU,2101
85194,102593,AU,2102
34358,102593,AU,2103
34236,102593,AU,2105
56279,102593,AU,2106
42195,102593,AU,2107
57921,102593,AU,2108
61565,102593,AU,2109
90569,102593,AU,2110
18538,102593,AU,2111
61773,102593,AU,2112
57741,102593,AU,2113
20279,102593,AU,2114
48424,102593,AU,2115
76018,102593,AU,2116
60156,102593,AU,2117
94164,102593,AU,2118
60659,102593,AU,2119
64374,102593,AU,2120
44412,102593,AU,2121
78751,102593,AU,2122
17264,102593,AU,2123
31448,102593,AU,2124
66398,102593,AU,2125
30009,102593,AU,2126
61854,102593,AU,2127
48170,102593,AU,2128
41381,102593,AU,2129
32345,102593,AU,2131
51178,102593,AU,2132
48805,102593,AU,2133
38296,102593,AU,2134
21673,102593,AU,2135
61747,102593,AU,2136
23399,102593,AU,2137
20408,102593,AU,2138
85186,102593,AU,2141
75196,102593,AU,2142
51259,102593,AU,2143
98060,102593,AU,2144
79355,102593,AU,2145
18381,102593,AU,2146
33071,102593,AU,2147
80784,102593,AU,2148
90181,102593,AU,2149
34447,102593,AU,2150
45196,102593,AU,2151
29155,102593,AU,2152
86167,102593,AU,2153
52669,102593,AU,2154
21454,102593,AU,2155
49350,102593,AU,2156
34354,102593,AU,2157
52711,102593,AU,2158
40934,102593,AU,2159
32703,102593,AU,2160
51711,102593,AU,2161
33063,102593,AU,2162
84625,102593,AU,2164
55080,102593,AU,2165
65217,102593,AU,2166
92090,102593,AU,2167
84347,102593,AU,2168
95170,102593,AU,2169
71591,102593,AU,2170
16443,102593,AU,2171
45723,102593,AU,2172
29224,102593,AU,2173
14841,102593,AU,2174
78763,102593,AU,2175
84497,102593,AU,2176
52089,102593,AU,2177
65111,102593,AU,2178
52635,102593,AU,2179
15977,102593,AU,2180
53705,102593,AU,2181
25053,102593,AU,2182
10059,102593,AU,2183
85555,102593,AU,2185
19316,102593,AU,2187
79956,102593,AU,2188
80855,102593,AU,2189
80144,102593,AU,2190
86666,102593,AU,2191
34204,102593,AU,2192
57202,102593,AU,2193
56133,102593,AU,2194
81262,102593,AU,2195
85327,102593,AU,2197
16585,102593,AU,2201
80849,102593,AU,2203
37943,102593,AU,2204
45168,102593,AU,2205
69436,102593,AU,2208
41346,102593,AU,2209
84070,102593,AU,2210
72064,102593,AU,2211
59973,102593,AU,2212
37745,102593,AU,2213
30135,102593,AU,2214
49373,102593,AU,2215
71807,102593,AU,2216
74259,102593,AU,2217
70006,102593,AU,2219
58233,102593,AU,2220
11302,102593,AU,2221
95952,102593,AU,2222
75386,102593,AU,2223
46452,102593,AU,2224
17063,102593,AU,2225
12410,102593,AU,2226
56780,102593,AU,2228
26764,102593,AU,2229
83607,102593,AU,2230
48753,102593,AU,2231
22448,102593,AU,2232
76699,102593,AU,2234
24720,102593,AU,2235
60888,102593,AU,2236
81461,102593,AU,2237
89647,102593,AU,2238
73425,102593,AU,2239
82625,102593,AU,2240
45941,102593,AU,2241
51721,102593,AU,2242
98983,102593,AU,2243
58408,102593,AU,2244
31093,102593,AU,2245
41586,102593,AU,2246
31687,102593,AU,2247
43934,102593,AU,2248
26049,102593,AU,2249
51322,102593,AU,2250
70370,102593,AU,2252
90378,102593,AU,2253
67679,102593,AU,2254
74228,102593,AU,2255
82402,102593,AU,2256
28859,102593,AU,2257
94873,102593,AU,2258
54690,102593,AU,2259
27474,102593,AU,2260
36869,102593,AU,2261
54959,102593,AU,2262
58412,102593,AU,2263
60727,102593,AU,2264
96524,102593,AU,2265
64021,102593,AU,2266
73342,102593,AU,2267
76256,102593,AU,2268
40417,102593,AU,2269
82820,102593,AU,2270
39053,102593,AU,2272
49609,102593,AU,2273
83893,102593,AU,2274
35800,102593,AU,2275
79626,102593,AU,2277
33308,102593,AU,2278
16841,102593,AU,2279
53926,102593,AU,2280
66773,102593,AU,2281
35325,102593,AU,2282
64891,102593,AU,2283
78083,102593,AU,2285
23587,102593,AU,2286
97705,102593,AU,2287
16302,102593,AU,2288
73388,102593,AU,2289
75975,102593,AU,2290
27469,102593,AU,2291
29592,102593,AU,2292
36352,102593,AU,2293
48891,102593,AU,2294
18594,102593,AU,2295
60318,102593,AU,2296
33324,102593,AU,2300
97952,102593,AU,2301
46423,102593,AU,2302
52023,102593,AU,2303
57755,102593,AU,2304
12698,102593,AU,2305
47978,102593,AU,2307
43669,102593,AU,2308
90013,102593,AU,2309
18381,102593,AU,2311
50139,102593,AU,2312
11557,102593,AU,2313
76082,102593,AU,2314
60582,102593,AU,2316
51227,102593,AU,2317
41769,102593,AU,2318
34831,102593,AU,2319
38604,102593,AU,2320
53909,102593,AU,2321
71471,102593,AU,2322
64049,102593,AU,2323
60367,102593,AU,2324
21449,102593,AU,2325
62259,102593,AU,2326
74923,102593,AU,2327
62449,102593,AU,2328
70800,102593,AU,2329
34356,102593,AU,2330
80122,102593,AU,2331
97506,102593,AU,2332
34787,102593,AU,2333
83090,102593,AU,2334
24080,102593,AU,2335
59850,102593,AU,2336
90691,102593,AU,2338
84639,102593,AU,2343
93474,102593,AU,2344
78728,102593,AU,2346
50565,102593,AU,2347
15369,102593,AU,2348
82547,102593,AU,2350
86448,102593,AU,2352
89241,102593,AU,2354
87862,102593,AU,2356
94118,102593,AU,2357
11466,102593,AU,2359
82094,102593,AU,2361
20557,102593,AU,2362
23314,102593,AU,2363
96823,102593,AU,2364
77648,102593,AU,2367
82724,102593,AU,2368
93346,102593,AU,2369
63144,102593,AU,2371
42330,102593,AU,2372
22304,102593,AU,2373
42262,102593,AU,2374
93804,102593,AU,2375
79355,102593,AU,2376
35130,102593,AU,2377
62705,102593,AU,2378
37244,102593,AU,2379
72168,102593,AU,2382
63344,102593,AU,2383
11238,102593,AU,3001
53513,102593,AU,3002
48961,102593,AU,3003
39699,102593,AU,3004
77331,102593,AU,3005
14806,102593,AU,3006
17191,102593,AU,3007
43520,102593,AU,3008
49195,102593,AU,3009
60750,102593,AU,3010
79581,102593,AU,3011
37551,102593,AU,3012
72726,102593,AU,3013
69418,102593,AU,3014
80322,102593,AU,3015
34360,102593,AU,3016
42655,102593,AU,3018
70964,102593,AU,3019
18169,102593,AU,3020
56886,102593,AU,3021
81017,102593,AU,3022
23826,102593,AU,3025
80256,102593,AU,3026
44356,102593,AU,3027
44957,102593,AU,3028
63797,102593,AU,3030
26792,102593,AU,3031
23552,102593,AU,3032
97877,102593,AU,3034
97764,102593,AU,3035
13694,102593,AU,3036
93939,102593,AU,3037
87932,102593,AU,3039
50272,102593,AU,3040
19519,102593,AU,3041
87683,102593,AU,3043
18997,102593,AU,3045
57440,102593,AU,3047
19523,102593,AU,3048
54455,102593,AU,3051
68337,102593,AU,3054
39642,102593,AU,3055
65843,102593,AU,3057
60018,102593,AU,3058
82379,102593,AU,3059
14966,102593,AU,3061
48836,102593,AU,3062
61427,102593,AU,3065
81449,102593,AU,3068
94134,102593,AU,3070
55848,102593,AU,3071
76710,102593,AU,3072
37374,102593,AU,3073
21152,102593,AU,3074
47398,102593,AU,3075
80740,102593,AU,3078
84872,102593,AU,3079
26740,102593,AU,3080
61951,102593,AU,3081
57143,102593,AU,3082
50827,102593,AU,3084
35719,102593,AU,3085
41337,102593,AU,3086
82046,102593,AU,3087
93294,102593,AU,3088
50509,102593,AU,3089
76827,102593,AU,3090
60461,102593,AU,3091
40031,102593,AU,3092
34519,102593,AU,3093
99929,102593,AU,3094
41000,102593,AU,3095
85603,102593,AU,4000
50351,102593,AU,4002
90720,102593,AU,4008
84398,102593,AU,4016
42004,102593,AU,4020
79013,102593,AU,4022
14238,102593,AU,4026
30801,102593,AU,4027
97868,102593,AU,4028
47760,102593,AU,4034
52984,102593,AU,4036
91049,102593,AU,4037
85562,102593,AU,4039
32341,102593,AU,4040
21844,102593,AU,4041
31516,102593,AU,4042
32956,102593,AU,4043
36419,102593,AU,4044
60132,102593,AU,4045
97430,102593,AU,4046
32722,102593,AU,4047
35809,102593,AU,4048
52796,102593,AU,4049
18314,102593,AU,4050
98900,102593,AU,4051
86612,102593,AU,4052
71044,102593,AU,4053
13496,102593,AU,4054
36051,102593,AU,4055
91577,102593,AU,4057
21672,102593,AU,4058
16210,102593,AU,4059
31588,102593,AU,4060
32493,102593,AU,4061
62897,102593,AU,4062
52213,102593,AU,4064
34618,102593,AU,4065
17521,102593,AU,4066
19620,102593,AU,4067
15683,102593,AU,4068
62032,102593,AU,4069
20260,102593,AU,4070
87626,102593,AU,4071
68643,102593,AU,4072
49069,102593,AU,4073
20596,102593,AU,4074
16810,102593,AU,4075
15874,102593,AU,4076
79605,102593,AU,4077
56422,102593,AU,4078
56024,102593,AU,4079
81801,102593,AU,4080
58891,102593,AU,4081
99405,102593,AU,4082
36591,102593,AU,4083
81784,102593,AU,4084
14530,102593,AU,4085
95314,102593,AU,4086
90997,102593,AU,4087
17363,102593,AU,4088
43419,102593,AU,4089
25295,102593,AU,4090
19907,102593,AU,4091
65857,102593,AU,4092
28316,102593,AU,4093
51418,102593,AU,4094
19900,102593,AU,4095
61946,102593,AU,4096
21124,102593,AU,4097
61302,102593,AU,4098
79342,102593,AU,4099
31843,102593,AU,4100
39329,102593,AU,4101
51522,102593,AU,4102
80176,102593,AU,4103
87234,102593,AU,4104
28493,102593,AU,4105
92925,102593,AU,4106
39600,102593,AU,4107
69289,102593,AU,4108
42054,102593,AU,4109
52199,102593,AU,4110
33081,102593,AU,4111
77716,102593,AU,4112
25623,102593,AU,4113
11370,102593,AU,4114
12178,102593,AU,4115
56483,102593,AU,4116
26065,102593,AU,4117
67332,102593,AU,4118
10379,102593,AU,4119
32768,102593,AU,4120
18358,102593,AU,4121
99779,102593,AU,4122
41603,102593,AU,4123
84007,102593,AU,4124
68131,102593,AU,4125
50291,102593,AU,4126
35029,102593,AU,4128
97124,102593,AU,4129
18281,102593,AU,4131
26867,102593,AU,4133
81278,102593,AU,4134
44775,102593,AU,4135
35323,102593,AU,4136
99437,102593,AU,4137
32564,102593,AU,4138
32260,102593,AU,4139
23956,102593,AU,4140
69116,102593,AU,4141
85497,102593,AU,4142
93468,102593,AU,4143
35216,102593,AU,4144
37641,102593,AU,4145
21146,102593,AU,4146
16909,102593,AU,4147
41839,102593,AU,4148
47050,102593,AU,4149
55656,102593,AU,4150
64957,102593,AU,4151
41381,102593,AU,4152
73713,102593,AU,4153
80298,102593,AU,4154
55647,102593,AU,4155
64707,102593,AU,4156
44490,102593,AU,4157
95799,102593,AU,4164
33777,102593,AU,4166
63533,102593,AU,4169
74357,102593,AU,4170
69249,102593,AU,4172
87090,102593,AU,4173
92823,102593,AU,4174
35012,102593,AU,4177
29129,102593,AU,4180
86952,102593,AU,4182
75447,102593,AU,4183
71440,102593,AU,4184
44752,102593,AU,4185
90953,102593,AU,4186
23725,102593,AU,4187
59832,102593,AU,4189
15070,102593,AU,4191
56647,102593,AU,4194
31984,102593,AU,4195
75986,102593,AU,4196
57597,102593,AU,4197
77641,102593,AU,4198
24387,102593,AU,4200
16348,102593,AU,4202
23182,102593,AU,4203
66873,102593,AU,4205
71864,102593,AU,4207
87819,102593,AU,4208
12804,102593,AU,4209
99629,102593,AU,4210
19403,102593,AU,4211
45723,102593,AU,4212
26782,102593,AU,4213
26824,102593,AU,4215
17678,102593,AU,4216
42782,102593,AU,4217
69961,102593,AU,4218
24538,102593,AU,4219
96129,102593,AU,4220
94040,102593,AU,4221
84097,102593,AU,4222
24306,102593,AU,4223
65622,102593,AU,4225
16580,102593,AU,4226
22540,102593,AU,4227
40162,102593,AU,4228
48361,102593,AU,4229
36024,102593,AU,4230
69101,102593,AU,4231
12510,102593,AU,4232
56452,102593,AU,4233
54780,102593,AU,4235
75669,102593,AU,4237
42883,102593,AU,4238
86798,102593,AU,4239
43131,102593,AU,4240
24477,102593,AU,4241
20465,102593,AU,4242
14667,102593,AU,4243
40048,102593,AU,4245
87379,102593,AU,4246
25360,102593,AU,4247
86849,102593,AU,4248
61787,102593,AU,4249
50556,102593,AU,4250
56184,102593,AU,4251
10050,102593,AU,4252
29026,102593,AU,4253
77342,102593,AU,4254
39810,102593,AU,4256
84725,102593,AU,4257
54186,102593,AU,4258
56413,102593,AU,4259
13631,102593,AU,4260
77130,102593,AU,4261
80288,102593,AU,4262
56179,102593,AU,4263
15662,102593,AU,4264
81052,102593,AU,4265
54665,102593,AU,4266
67566,102593,AU,4267
40011,102593,AU,4269
18807,102593,AU,4270
95402,102593,AU,4271
59129,102593,AU,4273
53389,102593,AU,4274
59790,102593,AU,4275
72594,102593,AU,4278
50345,102593,AU,4279
67665,102593,AU,4280
57288,102593,AU,4282
14492,102593,AU,4283
21662,102593,AU,4284
34047,102593,AU,4285
82714,102593,AU,4286
37522,102593,AU,4288
57621,102593,AU,4289
92992,102593,AU,4290
17090,102593,AU,4291
43869,102593,AU,4292
18534,102593,AU,4293
71794,102593,AU,4296
73624,102593,AU,4297
91457,102593,AU,4298
34748,102593,AU,4299
16868,102593,AU,4300
77328,102593,AU,4301
54775,102593,AU,4302
84041,102593,AU,4303
38054,102593,AU,4304
58548,102593,AU,4305
24188,102593,AU,4306
42826,102593,AU,4308
31049,102593,AU,4309
64509,102593,AU,4310
53353,102593,AU,4311
27126,102593,AU,4312
12891,102593,AU,4313
54556,102593,AU,4314
27024,102593,AU,4315
47242,102593,AU,4316
69276,102593,AU,4317
75001,102593,AU,4318
22098,102593,AU,4319
54334,102593,AU,4320
99250,102593,AU,4321
45324,102593,AU,4322
66562,102593,AU,4323
88392,102593,AU,4324
33320,102593,AU,4325
48121,102593,AU,4326
20639,102593,AU,4327
29989,102593,AU,4328
69221,102593,AU,4329
46573,102593,AU,4330
35042,102593,AU,4331
79652,102593,AU,4332
42184,102593,AU,4333
45325,102593,AU,4334
45112,102593,AU,4335
38123,102593,AU,4336
69199,102593,AU,4337
34330,102593,AU,4338
10349,102593,AU,4339
74581,102593,AU,4340
63028,102593,AU,4341
92826,102593,AU,8101
71244,102593,AU,8201
83172,102593,AU,8401
65929,102593,AU,9000
28911,102605,AU,8101
27567,102605,AU,8201
26989,102605,AU,8401
78156,102680,AU,8101
84486,102680,AU,8102
81504,102681,AU,8201
33621,102681,AU,8202
39726,102682,AU,8401
42138,102682,AU,8402
55619,102705,AU,8101
35201,102705,AU,8102
41778,102705,AU,8201
39797,102705,AU,8202
39540,102705,AU,8401
85298,102705,AU,8402
42273,102710,AU,8101
72272,102711,AU,8201
47255,102712,AU,8401
83022,102712,AU,8405
22811,102742,AU,8101
34971,102742,AU,8102
60420,102743,AU,8201
26906,102743,AU,8202
65291,102744,AU,8401
26880,102744,AU,8402
19406,102747,AU,8101
13990,102747,AU,8201
81654,102747,AU,8401
35083,102757,AU,8101
80859,102757,AU,8201
65947,102757,AU,8401
71230,102766,AU,8101
68960,102766,AU,8201
46758,102766,AU,8401
13310,102770,AU,8101
66913,102770,AU,8201
89779,102770,AU,8401
63533,102771,AU,8101
51436,102771,AU,8201
77428,102771,AU,8401
29212,102772,AU,8101
38544,102772,AU,8201
93084,102772,AU,8401
98080,102806,AU,8101
88325,102806,AU,8201
16495,102810,AU,8201
85969,102811,AU,8401
73471,102812,AU,8101
70238,102830,AU,8201
59743,102866,AU,1007
43204,102866,AU,1147
66295,102866,AU,3001
38793,102866,AU,3002
74627,102866,AU,3003
89283,102866,AU,3004
43189,102866,AU,3005
34543,102866,AU,3006
69575,102866,AU,3007
68553,102866,AU,3008
55272,102866,AU,3009
75064,102866,AU,3012
47572,102866,AU,3016
49735,102866,AU,3022
11138,102866,AU,3032
96595,102866,AU,4000
59705,102866,AU,9000
39815,102869,AU,8101
86539,102871,AU,8101
31142,102871,AU,8201
25672,102871,AU,8401
69652,102883,AU,8401
37781,102890,AU,8101
72505,102890,AU,8201
93720,102890,AU,8401
85618,102936,AU,8101
56765,102936,AU,8201
87525,102936,AU,8401
94340,102957,AU,8301
25337,102962,AU,8301
86713,102963,AU,8301
81457,102964,AU,8301
14602,102965,AU,8301
86098,102966,AU,8301
30727,102995,AU,8301
73333,103000,AU,8101
34865,103000,AU,9000
96026,103007,AU,8101
34975,103008,AU,8401
29810,103015,AU,8101
47790,103015,AU,8102
70978,103016,AU,8201
96684,103016,AU,8202
30768,103017,AU,8401
33130,103017,AU,8402
71562,103020,AU,8101
52014,103020,AU,8201
80451,103020,AU,8401
77067,103034,AU,8101
38540,103034,AU,8201
86286,103034,AU,8401
67454,103037,AU,8101
96423,103037,AU,8201
14297,103037,AU,8401
90456,103038,AU,8101
69030,103038,AU,8201
73981,103038,AU,8301
52404,103038,AU,8401
44882,103043,AU,8101
32519,103043,AU,8201
34266,103043,AU,8301
49325,103043,AU,8401
94119,103055,AU,8101
71176,103055,AU,8201
27000,103055,AU,8301
51557,103055,AU,8401
64054,103055,AU,8405
87502,103080,AU,8101
52606,103080,AU,8201
52222,103080,AU,8401
60993,103082,AU,8101
54926,103082,AU,8201
98054,103082,AU,8401
91971,103100,AU,8101
98760,103100,AU,8201
30277,103100,AU,8301
71185,103100,AU,8401
37281,103105,AU,8101
79775,103105,AU,8201
10673,103105,AU,8401
29995,103110,AU,8201
59691,103112,AU,8101
34207,103112,AU,8201
88478,103112,AU,8301
38193,103112,AU,8401
75758,103115,AU,8101
23558,103115,AU,8201
88904,103115,AU,8301
27310,103115,AU,8401
20227,103115,AU,8403
29048,103115,AU,8404
62929,103115,AU,8405
93261,103120,AU,8101
61711,103120,AU,8201
81105,103120,AU,8301
90847,103120,AU,8401
53304,103121,AU,8101
58102,103121,AU,8201
99406,103121,AU,8301
59779,103121,AU,8401
72834,103125,AU,8101
28130,103125,AU,8102
42414,103125,AU,8201
20077,103125,AU,8202
83765,103125,AU,8301
83095,103125,AU,8302
92830,103125,AU,8401
96364,103125,AU,8402
33254,103134,AU,8101
42386,103134,AU,8201
36661,103134,AU,8301
62461,103134,AU,8401
62823,103135,AU,8101
32507,103135,AU,8201
60135,103135,AU,8301
47077,103135,AU,8401
45864,103137,AU,8101
22784,103137,AU,8201
13087,103137,AU,8301
56530,103137,AU,8401
93722,103138,AU,1000
88950,103138,AU,1001
88092,103138,AU,1002
89338,103138,AU,1003
55255,103138,AU,1004
21077,103138,AU,1005
59745,103138,AU,1007
98020,103138,AU,1008
85834,103138,AU,1009
72857,103138,AU,1010
33475,103138,AU,1012
90331,103138,AU,1016
31943,103138,AU,1017
36243,103138,AU,1019
68246,103138,AU,1020
35422,103138,AU,1021
65413,103138,AU,1022
74264,103138,AU,1023
89095,103138,AU,1026
48193,103138,AU,1027
68463,103138,AU,1031
68882,103138,AU,1033
94188,103138,AU,1036
54739,103138,AU,1040
20089,103138,AU,1042
26505,103138,AU,1045
56431,103138,AU,1046
11208,103138,AU,1047
93874,103138,AU,1051
91114,103138,AU,1056
36665,103138,AU,1057
73564,103138,AU,1058
56892,103138,AU,1059
81260,103138,AU,1060
84560,103138,AU,1061
31403,103138,AU,1062
15361,103138,AU,1063
18521,103138,AU,1065
61485,103138,AU,1066
73496,103138,AU,1068
82961,103138,AU,1070
39364,103138,AU,1071
29054,103138,AU,1072
10809,103138,AU,1073
37467,103138,AU,1076
58637,103138,AU,1078
59338,103138,AU,1082
43077,103138,AU,1083
37211,103138,AU,1084
99517,103138,AU,1085
73187,103138,AU,1088
47926,103138,AU,1089
23874,103138,AU,1090
12710,103138,AU,1092
34396,103138,AU,1093
13684,103138,AU,1094
62658,103138,AU,1095
36645,103138,AU,1096
51359,103138,AU,1115
22084,103138,AU,1119
39579,103138,AU,1120
18865,103138,AU,1121
44896,103138,AU,1122
12706,103138,AU,1124
36123,103138,AU,1126
96644,103138,AU,1128
53897,103138,AU,1129
16792,103138,AU,1130
30185,103138,AU,1131
17887,103138,AU,1132
34814,103138,AU,1133
84084,103138,AU,1134
57895,103138,AU,1135
58750,103138,AU,1136
97705,103138,AU,1137
55172,103138,AU,1138
47072,103138,AU,1139
65042,103138,AU,1140
77147,103138,AU,1141
84185,103138,AU,1144
47103,103138,AU,1145
54827,103138,AU,1146
76732,103138,AU,1147
82665,103138,AU,1148
65821,103138,AU,1149
83395,103138,AU,1150
67875,103138,AU,1151
33104,103138,AU,1152
83792,103138,AU,1154
30251,103138,AU,1155
26678,103138,AU,1156
64837,103138,AU,1157
82412,103138,AU,1158
90873,103138,AU,1159
94317,103138,AU,1160
88104,103138,AU,1161
61894,103138,AU,1162
94604,103138,AU,1163
98188,103138,AU,1164
26178,103138,AU,1165
82515,103138,AU,1166
56598,103138,AU,1168
63171,103138,AU,1169
34915,103138,AU,1170
90004,103138,AU,1172
38554,103138,AU,1173
86534,103138,AU,1174
29771,103138,AU,1175
53632,103138,AU,1176
53813,103138,AU,1177
52184,103138,AU,1178
71099,103138,AU,1180
60714,103138,AU,1181
36368,103138,AU,1185
40872,103138,AU,1186
95287,103138,AU,1187
21737,103138,AU,1188
75488,103138,AU,1189
89426,103138,AU,1191
64470,103138,AU,1192
26820,103138,AU,1193
40817,103138,AU,1194
20695,103138,AU,1196
12318,103138,AU,1198
12137,103138,AU,1199
70992,103138,AU,1200
10469,103138,AU,1201
63977,103138,AU,1202
39286,103138,AU,1203
92404,103138,AU,1204
17569,103138,AU,1205
38388,103138,AU,1207
76818,103138,AU,1208
15768,103138,AU,1209
86677,103138,AU,1210
63693,103138,AU,1211
77719,103138,AU,1213
59127,103138,AU,1214
67891,103138,AU,1218
64990,103138,AU,1219
12587,103138,AU,1220
37084,103138,AU,1221
96635,103138,AU,1222
92483,103138,AU,1225
99099,103138,AU,1227
57752,103138,AU,1228
88824,103138,AU,1229
76299,103138,AU,1230
44581,103138,AU,1231
61359,103138,AU,1232
18046,103138,AU,1236
57849,103138,AU,1237
74102,103138,AU,1239
30366,103138,AU,1240
58754,103138,AU,1241
92873,103138,AU,1242
83015,103138,AU,1243
40712,103138,AU,1244
74137,103138,AU,1245
29531,103138,AU,1246
28681,103138,AU,1249
53184,103138,AU,1250
28236,103138,AU,1252
32440,103138,AU,1257
46811,103138,AU,1259
11723,103138,AU,1260
12483,103138,AU,1262
24592,103138,AU,1263
39295,103138,AU,1265
82206,103138,AU,1266
44968,103138,AU,1269
34221,103138,AU,1270
96952,103138,AU,1271
47873,103138,AU,1273
93677,103138,AU,1274
86573,103138,AU,1275
95427,103138,AU,1276
48990,103138,AU,1277
85369,103138,AU,1279
50626,103138,AU,1280
47702,103138,AU,1281
81129,103138,AU,1283
97884,103138,AU,1285
59597,103138,AU,1286
18687,103138,AU,1288
84370,103138,AU,1289
83179,103138,AU,1290
23239,103138,AU,1291
86861,103138,AU,1292
31763,103138,AU,1293
43719,103138,AU,1294
14218,103138,AU,1295
71445,103138,AU,1296
54895,103138,AU,1297
30854,103138,AU,1299
96149,103138,AU,1301
76594,103138,AU,1302
94598,103138,AU,1303
10062,103138,AU,1304
47171,103138,AU,1306
57847,103138,AU,1309
61355,103138,AU,1310
16976,103138,AU,1312
27901,103138,AU,1314
20151,103138,AU,1315
45325,103138,AU,1316
37785,103138,AU,1317
41877,103138,AU,1318
57438,103138,AU,1320
30049,103138,AU,1321
40278,103138,AU,1322
24652,103138,AU,1325
98444,103138,AU,1326
81084,103138,AU,1329
22426,103138,AU,1330
36880,103138,AU,1334
48467,103138,AU,1335
99575,103138,AU,1336
60202,103138,AU,1337
46559,103138,AU,1338
28597,103138,AU,1339
21993,103138,AU,1340
13853,103138,AU,1344
19945,103138,AU,1345
46305,103138,AU,1346
72879,103138,AU,1347
69973,103138,AU,1348
73567,103138,AU,1349
99884,103138,AU,1351
83059,103138,AU,1352
45236,103138,AU,1353
49356,103138,AU,1354
22887,103138,AU,1355
70848,103138,AU,1356
68049,103138,AU,1358
88032,103138,AU,1360
83868,103138,AU,1362
65364,103138,AU,1366
96153,103138,AU,1368
86710,103138,AU,1369
64951,103138,AU,1372
82781,103138,AU,1373
36532,103138,AU,1375
14158,103138,AU,1378
97159,103138,AU,1380
23651,103138,AU,1381
92335,103138,AU,1382
52424,103138,AU,1387
68416,103138,AU,1388
56655,103138,AU,1389
20157,103138,AU,1390
94893,103138,AU,1391
87235,103138,AU,1393
67775,103138,AU,1394
58889,103138,AU,1396
29219,103138,AU,1400
92487,103138,AU,1401
30386,103138,AU,1402
62154,103138,AU,1403
85679,103138,AU,1404
86298,103138,AU,1405
26643,103138,AU,1406
26591,103138,AU,1409
14197,103138,AU,1411
18502,103138,AU,1413
58317,103138,AU,1415
25544,103138,AU,1416
88455,103138,AU,1417
49736,103138,AU,1419
27838,103138,AU,1420
89119,103138,AU,1421
88874,103138,AU,1422
20266,103138,AU,1423
66757,103138,AU,1424
81253,103138,AU,1425
39458,103138,AU,1426
90793,103138,AU,1427
46266,103138,AU,1428
33087,103138,AU,1429
20696,103138,AU,1430
97349,103138,AU,1431
25507,103138,AU,1432
41041,103138,AU,1433
42499,103138,AU,1434
32989,103138,AU,1435
47996,103138,AU,1436
57213,103138,AU,1437
53262,103138,AU,1438
16875,103138,AU,1439
58571,103138,AU,1440
78136,103138,AU,1441
93488,103138,AU,1442
50880,103138,AU,1443
20318,103138,AU,1444
67717,103138,AU,1445
44764,103138,AU,1449
47345,103138,AU,1450
47671,103138,AU,1451
37785,103138,AU,1452
74698,103138,AU,1453
27806,103138,AU,1454
25821,103138,AU,1456
41180,103138,AU,1457
46397,103138,AU,1458
55137,103138,AU,1459
12486,103138,AU,1460
21113,103138,AU,1461
94712,103138,AU,1462
84546,103138,AU,1463
52743,103138,AU,1464
66434,103138,AU,1465
55586,103138,AU,1466
66918,103138,AU,1467
65417,103138,AU,1468
15186,103138,AU,1469
94382,103138,AU,1470
27995,103138,AU,1471
37556,103138,AU,1472
11752,103138,AU,1475
86040,103138,AU,1476
16047,103138,AU,1477
29359,103138,AU,1478
90981,103138,AU,1479
89831,103138,AU,1480
74440,103138,AU,1481
66517,103138,AU,1482
83050,103138,AU,1483
36696,103138,AU,1484
32596,103138,AU,1485
79624,103138,AU,1486
85449,103138,AU,1487
66961,103138,AU,1488
94501,103138,AU,1489
10139,103138,AU,1490
21056,103138,AU,1491
13729,103138,AU,1492
12252,103138,AU,1493
63633,103138,AU,2369
39795,103138,AU,2376
98949,103138,AU,2382
93964,103138,AU,2383
40839,103138,AU,2385
82330,103138,AU,2389
92673,103138,AU,2391
55235,103138,AU,2392
92032,103138,AU,2393
14255,103138,AU,2394
93813,103138,AU,2396
87646,103138,AU,2399
22104,103138,AU,2400
35881,103138,AU,2401
46189,103138,AU,2402
90215,103138,AU,2403
75018,103138,AU,2404
19579,103138,AU,3077
63404,103138,AU,3078
51032,103138,AU,3084
85365,103138,AU,3085
12361,103138,AU,3086
52333,103138,AU,3087
24988,103138,AU,3088
26459,103138,AU,3089
12360,103138,AU,3090
71571,103138,AU,3091
30076,103138,AU,3092
56473,103138,AU,3093
41961,103138,AU,3094
64132,103138,AU,3095
82731,103138,AU,3096
85567,103138,AU,3097
95526,103138,AU,3098
99649,103138,AU,3100
51020,103138,AU,4248
80781,103138,AU,4306
47953,103138,AU,4323
33413,103138,AU,4324
56349,103138,AU,4325
12304,103138,AU,4326
55633,103138,AU,4327
86686,103138,AU,4328
90719,103138,AU,4329
90520,103138,AU,4330
56199,103138,AU,4331
61397,103138,AU,4332
67404,103138,AU,4333
77317,103138,AU,4334
40489,103138,AU,4335
54533,103138,AU,4336
42926,103138,AU,4337
42381,103138,AU,4338
53749,103138,AU,4339
68843,103138,AU,4340
98765,103138,AU,4341
18688,103138,AU,4342
75635,103138,AU,4344
63756,103138,AU,4345
93318,103138,AU,4346
66908,103138,AU,4351
46468,103138,AU,4352
35635,103138,AU,4355
38861,103138,AU,4356
44609,103138,AU,4362
38583,103138,AU,4363
90777,103138,AU,4364
58797,103138,AU,4365
65728,103138,AU,4366
65177,103138,AU,4367
60349,103138,AU,4370
65856,103138,AU,4371
72712,103138,AU,8101
81015,103138,AU,8201
64367,103138,AU,8301
23394,103138,AU,8401
92272,103138,AU,9000
69705,103138,AU,9098
75802,103141,AU,8101
92579,103141,AU,8201
44045,103141,AU,8301
77485,103141,AU,8401
27986,103143,AU,8101
82224,103143,AU,8201
14124,103143,AU,8401
81809,103145,AU,8101
14300,103145,AU,8102
58638,103145,AU,8201
30209,103145,AU,8202
98508,103145,AU,8401
13313,103145,AU,8402
14834,103151,AU,8201
52169,103151,AU,8401
24325,103154,AU,8101
77785,103195,AU,8401
60543,103200,AU,8301
71360,103207,AU,8101
49911,103207,AU,8201
74684,103207,AU,8401
80665,103212,AU,8401
87991,103216,AU,4002
54582,103216,AU,4008
18576,103216,AU,4016
24211,103216,AU,4026
70494,103216,AU,4027
90085,103216,AU,4034
29578,103216,AU,4036
75234,103216,AU,4037
60755,103216,AU,4041
74023,103216,AU,4044
56424,103216,AU,4045
77142,103216,AU,4046
38211,103216,AU,4047
74078,103216,AU,4049
93953,103216,AU,4050
99094,103216,AU,4051
66273,103216,AU,4052
30498,103216,AU,4053
11616,103216,AU,4055
55821,103216,AU,4057
15107,103216,AU,4058
69180,103216,AU,4059
17910,103216,AU,4060
95599,103216,AU,4061
29168,103216,AU,4062
30337,103216,AU,4064
36126,103216,AU,4065
29757,103216,AU,4066
60384,103216,AU,4067
50498,103216,AU,4069
31116,103216,AU,4072
28293,103216,AU,4073
65333,103216,AU,4075
80065,103216,AU,4076
39329,103216,AU,4077
49842,103216,AU,4078
49004,103216,AU,4079
19613,103216,AU,4080
79852,103216,AU,4081
74311,103216,AU,4082
51303,103216,AU,4083
10788,103216,AU,4084
11316,103216,AU,4085
79438,103216,AU,4086
42859,103216,AU,4087
31424,103216,AU,4088
57655,103216,AU,4089
25019,103216,AU,4091
24829,103216,AU,4092
78440,103216,AU,4093
46667,103216,AU,4095
70594,103216,AU,4096
88132,103216,AU,4098
89251,103216,AU,4099
84777,103216,AU,4100
37037,103216,AU,4101
69728,103216,AU,4102
90554,103216,AU,4103
36860,103216,AU,4104
46547,103216,AU,4105
62229,103216,AU,4106
88296,103216,AU,4107
76783,103216,AU,4108
59601,103216,AU,4111
35465,103216,AU,4112
26648,103216,AU,4113
36096,103216,AU,4114
22068,103216,AU,4115
80871,103216,AU,4116
88846,103216,AU,4117
18697,103216,AU,4118
14444,103216,AU,4119
60410,103216,AU,4120
49244,103216,AU,4121
60048,103216,AU,4123
18945,103216,AU,4124
26908,103216,AU,4125
58588,103216,AU,4126
45549,103216,AU,4128
40843,103216,AU,4129
16343,103216,AU,4131
88154,103216,AU,4133
96895,103216,AU,4134
84423,103216,AU,4136
33146,103216,AU,4137
96207,103216,AU,4138
98199,103216,AU,4139
36643,103216,AU,4141
73839,103216,AU,4142
47621,103216,AU,4144
65000,103216,AU,4145
21343,103216,AU,4146
92236,103216,AU,4147
61579,103216,AU,4148
82231,103216,AU,4149
23995,103216,AU,4150
70265,103216,AU,4151
97578,103216,AU,4152
36426,103216,AU,4153
38074,103216,AU,4154
86232,103216,AU,4156
51061,103216,AU,4163
47266,103216,AU,4164
41401,103216,AU,4166
86252,103216,AU,4169
90165,103216,AU,4170
14271,103216,AU,4172
71137,103216,AU,4173
48491,103216,AU,4174
74075,103216,AU,4177
18955,103216,AU,4180
39148,103216,AU,4182
84019,103216,AU,4183
18871,103216,AU,4184
44088,103216,AU,4185
39960,103216,AU,4186
52967,103216,AU,4187
25710,103216,AU,4189
64121,103216,AU,4191
55778,103216,AU,4194
55317,103216,AU,4195
75768,103216,AU,4196
15707,103216,AU,4197
92416,103216,AU,4198
87232,103216,AU,4200
42932,103216,AU,4201
30781,103216,AU,4202
54429,103216,AU,4203
23554,103216,AU,4205
49614,103216,AU,4207
37710,103216,AU,4208
51871,103216,AU,4209
78176,103216,AU,4210
51524,103216,AU,4211
89148,103216,AU,4212
88639,103216,AU,4213
40698,103216,AU,4216
44504,103216,AU,4217
69429,103216,AU,4218
52875,103216,AU,4219
64509,103216,AU,4220
86258,103216,AU,4221
83138,103216,AU,4222
93530,103216,AU,4223
49757,103216,AU,4225
93250,103216,AU,4226
33401,103216,AU,4227
66625,103216,AU,4229
12331,103216,AU,4230
67291,103216,AU,4231
67208,103216,AU,4232
60877,103216,AU,4233
85721,103216,AU,4235
79605,103216,AU,4237
44601,103216,AU,4238
67312,103216,AU,4239
81346,103216,AU,4240
33162,103216,AU,4241
17858,103216,AU,4242
46916,103216,AU,4243
24779,103216,AU,4246
24731,103216,AU,4247
20403,103216,AU,4250
81365,103216,AU,4251
32251,103216,AU,4253
62305,103216,AU,4256
18118,103216,AU,4257
78763,103216,AU,4258
95487,103216,AU,4259
57866,103216,AU,4260
10354,103216,AU,4262
13587,103216,AU,4263
58618,103216,AU,4264
77117,103216,AU,4265
46466,103216,AU,4266
13611,103216,AU,4267
14903,103216,AU,4270
35859,103216,AU,4274
99554,103216,AU,4275
43109,103216,AU,4290
91290,103216,AU,8401
19406,103220,AU,8101
74044,103220,AU,8201
21639,103220,AU,8401
53226,103232,AU,8101
27541,103232,AU,8201
25888,103232,AU,8401
27028,103232,AU,8403
56975,103232,AU,8404
23044,103232,AU,8405
48620,103234,AU,8101
86768,103234,AU,8201
87594,103234,AU,8301
32304,103234,AU,8401
92820,103234,AU,8405
48098,103238,AU,8101
55240,103238,AU,8201
45763,103238,AU,8401
11116,103245,AU,8101
65769,103245,AU,8201
28721,103245,AU,8401
79998,103246,AU,8101
80514,103246,AU,8102
93370,103246,AU,8201
18079,103246,AU,8202
67655,103246,AU,8401
12830,103246,AU,8402
20254,103258,AU,8101
61252,103265,AU,8101
18750,103265,AU,8201
96995,103265,AU,8301
38105,103265,AU,8401
53100,103266,AU,8301
23307,103285,AU,8101
34458,103285,AU,8201
74362,103285,AU,8301
74488,103285,AU,8401
97308,103286,AU,8101
30722,103286,AU,8201
35489,103286,AU,8301
85897,103286,AU,8401
17954,103296,AU,8101
17354,103296,AU,8201
48714,103296,AU,8401
17050,103305,AU,8201
51408,103360,AU,8101
54773,103360,AU,8102
81180,103360,AU,8201
63635,103360,AU,8202
62931,103360,AU,8301
78440,103360,AU,8302
99976,103360,AU,8401
83632,103360,AU,8402
37120,103371,AU,8101
79937,103371,AU,8201
39287,103371,AU,8401
87640,103372,AU,8101
39162,103372,AU,8201
61130,103372,AU,8301
20746,103372,AU,8401
51663,103373,AU,8101
85811,103373,AU,8201
63465,103373,AU,8401
57745,103386,AU,8101
75243,103386,AU,8201
11046,103386,AU,8401
55460,103391,AU,8101
78232,103391,AU,8201
85209,103391,AU,8401
87390,103394,AU,8101
78240,103394,AU,8201
55052,103394,AU,8401
12352,103400,AU,8101
73055,103400,AU,8201
24270,103400,AU,8301
29621,103400,AU,8401
81263,103401,AU,8101
80739,103401,AU,8201
63399,103401,AU,8401
68469,103402,AU,8101
79869,103402,AU,8201
85781,103402,AU,8401
30172,103406,AU,8101
12090,103406,AU,8201
46527,103406,AU,8401
71100,103409,AU,8101
98487,103409,AU,8201
51321,103409,AU,8401
61363,103410,AU,8101
97122,103410,AU,8201
89197,103410,AU,8301
74021,103410,AU,8401
23167,103411,AU,8101
93765,103411,AU,8201
34017,103411,AU,8301
70315,103411,AU,8401
54234,103411,AU,8405
21541,103412,AU,8101
22988,103412,AU,8201
33341,103412,AU,8401
86800,103415,AU,8101
67016,103415,AU,8201
17034,103415,AU,8301
30269,103415,AU,8401
54354,103415,AU,8405
41802,103416,AU,8101
42016,103416,AU,8201
51876,103416,AU,8301
23185,103416,AU,8401
61337,103416,AU,8405
97289,103417,AU,8101
38173,103417,AU,8201
24931,103417,AU,8301
63234,103417,AU,8401
27763,103420,AU,8101
86782,103420,AU,8201
11521,103420,AU,8401
87679,103425,AU,8101
42639,103425,AU,8201
39415,103425,AU,8401
49076,103426,AU,8101
67539,103426,AU,8201
46788,103426,AU,8401
20545,103432,AU,8101
76328,103432,AU,8201
11835,103432,AU,8401
31069,103435,AU,8101
33594,103435,AU,8201
35082,103435,AU,8301
86692,103435,AU,8401
12279,103435,AU,8405
89617,103436,AU,8101
66176,103436,AU,8201
89037,103436,AU,8401
15911,103437,AU,8101
84056,103437,AU,8201
45186,103437,AU,8401
18708,103440,AU,8101
67745,103440,AU,8201
41295,103440,AU,8301
94169,103440,AU,8401
42283,103440,AU,8403
17610,103440,AU,8404
48937,103440,AU,8405
39865,103441,AU,8101
34810,103441,AU,8201
92017,103441,AU,8401
70952,103442,AU,8101
38043,103442,AU,8201
56964,103442,AU,8401
87093,103444,AU,8101
62643,103444,AU,8201
30226,103444,AU,8401
57631,103445,AU,8101
17379,103445,AU,8201
68883,103445,AU,8401
77501,103450,AU,8101
77807,103450,AU,8201
88912,103450,AU,8301
89729,103450,AU,8401
82170,103452,AU,8101
87333,103455,AU,8101
88022,103455,AU,8201
92957,103455,AU,8301
43304,103455,AU,8401
52745,103455,AU,8405
46180,103458,AU,8401
65470,103460,AU,8101
19250,103460,AU,8201
28026,103460,AU,8401
32964,103461,AU,8101
16236,103461,AU,8201
29695,103461,AU,8401
81746,103462,AU,8101
62427,103462,AU,8201
10224,103462,AU,8401
14198,103465,AU,8101
94710,103465,AU,8201
47700,103465,AU,8401
39910,103466,AU,8101
87472,103466,AU,8201
89152,103466,AU,8401
57751,103467,AU,8101
98045,103467,AU,8201
17543,103467,AU,8401
72342,103481,AU,8101
13631,103485,AU,8101
33443,103485,AU,8201
51375,103485,AU,8401
89090,103486,AU,8101
12476,103486,AU,8201
71129,103486,AU,8401
33469,103495,AU,8401
67438,103501,AU,8101
91985,103501,AU,8201
61722,103501,AU,8301
56362,103501,AU,8401
72381,103516,AU,8101
25060,103516,AU,8201
49475,103516,AU,8301
37173,103516,AU,8401
82540,103517,AU,8101
71691,103517,AU,8201
78687,103517,AU,8301
55364,103517,AU,8401
61778,103518,AU,8201
74494,103518,AU,8401
57903,103519,AU,8101
66894,103519,AU,8201
60556,103519,AU,8401
92314,103520,AU,8101
19255,103520,AU,8201
84747,103520,AU,8401
92762,103521,AU,8101
81110,103521,AU,8201
40871,103521,AU,8301
13006,103521,AU,8401
99797,103521,AU,8403
18582,103521,AU,8404
78443,103521,AU,8405
37756,103522,AU,8101
33614,103522,AU,8201
58595,103522,AU,8401
70776,103523,AU,8101
30838,103523,AU,8201
10581,103523,AU,8401
82782,103524,AU,8101
67972,103524,AU,8201
51049,103524,AU,8401
99474,103525,AU,8101
26329,103525,AU,8201
89896,103525,AU,8401
55656,103527,AU,8101
28614,103530,AU,8301
29638,103531,AU,8101
57959,103533,AU,8101
96767,103533,AU,8201
26225,103533,AU,8401
83546,103534,AU,8101
50209,103535,AU,8101
84109,103535,AU,8201
81738,103535,AU,8401
17102,103540,AU,8101
47463,103540,AU,8201
19325,103540,AU,8301
56294,103540,AU,8401
72846,103541,AU,8101
21426,103541,AU,8201
44119,103541,AU,8401
83233,103550,AU,8201
94910,103551,AU,8401
51183,103551,AU,8403
97156,103551,AU,8404
98479,103551,AU,8405
61580,103557,AU,8101
85537,103557,AU,8201
81311,103557,AU,8401
71004,103557,AU,8403
47736,103557,AU,8404
22892,103557,AU,8405
70691,103558,AU,8101
88913,103558,AU,8201
23937,103558,AU,8401
49887,103559,AU,8101
27259,103559,AU,8201
32753,103559,AU,8401
39651,103565,AU,8101
10621,103565,AU,8201
88967,103565,AU,8401
45065,103580,AU,8101
47453,103580,AU,8201
31601,103580,AU,8301
19090,103580,AU,8401
17022,103581,AU,4330
14581,103581,AU,4331
12335,103581,AU,4334
82891,103581,AU,4335
10558,103581,AU,4336
69167,103581,AU,4339
56971,103581,AU,4366
55794,103581,AU,4370
41218,103581,AU,4383
70141,103581,AU,4386
79763,103586,AU,8101
51549,103586,AU,8201
70229,103586,AU,8301
64391,103586,AU,8401
56448,103592,AU,8403
27623,103592,AU,8404
79050,103594,AU,8101
43915,103594,AU,8201
14768,103594,AU,8401
71897,103597,AU,8101
40022,103597,AU,8201
96514,103597,AU,8401
51176,103600,AU,8101
29493,103600,AU,8201
86255,103600,AU,8401
39567,103610,AU,8101
66178,103610,AU,8201
69531,103610,AU,8401
62693,103611,AU,8101
81878,103611,AU,8201
76946,103611,AU,8301
85171,103611,AU,8401
99859,103611,AU,8404
13964,103611,AU,8405
98728,103616,AU,8101
61879,103616,AU,8201
88531,103616,AU,8401
56250,103617,AU,8101
66379,103620,AU,8101
82990,103620,AU,8201
62921,103620,AU,8301
35164,103620,AU,8401
96198,103620,AU,8403
86042,103620,AU,8404
10488,103621,AU,8101
99565,103621,AU,8201
11306,103621,AU,8401
15718,103627,AU,8101
21258,103627,AU,8201
82074,103627,AU,8401
34013,103628,AU,8101
18956,103628,AU,8201
34591,103628,AU,8301
45325,103628,AU,8401
78612,103628,AU,8403
45696,103628,AU,8404
72300,103628,AU,8405
23957,103630,AU,8301
69760,103635,AU,8101
32326,103635,AU,8201
68377,103635,AU,8301
58298,103635,AU,8401
92506,103635,AU,8403
19636,103635,AU,8404
11722,103636,AU,8101
74226,103636,AU,8201
59299,103636,AU,8301
77941,103636,AU,8401
75287,103636,AU,8403
76015,103636,AU,8404
40540,103636,AU,8405
67921,103637,AU,8101
86143,103637,AU,8201
92379,103637,AU,8401
72232,103640,AU,8101
84581,103640,AU,8201
29293,103640,AU,8301
66637,103640,AU,8401
16947,103641,AU,8101
10148,103641,AU,8201
71829,103641,AU,8301
44087,103641,AU,8401
33380,103641,AU,8403
70261,103641,AU,8404
66609,103645,AU,8101
29924,103645,AU,8201
15893,103645,AU,8301
67730,103645,AU,8401
48565,103645,AU,8403
88197,103645,AU,8404
37163,103645,AU,8405
58590,103650,AU,8101
40462,103650,AU,8201
48426,103650,AU,8301
26925,103650,AU,8401
46713,103650,AU,8403
64336,103650,AU,8404
77431,103660,AU,8101
37793,103660,AU,8201
76352,103660,AU,8401
29397,103661,AU,8101
34604,103661,AU,8201
27148,103661,AU,8401
56865,103668,AU,8101
91591,103668,AU,8201
45517,103668,AU,8301
26383,103668,AU,8401
88847,103668,AU,8403
66168,103668,AU,8404
32703,103669,AU,8101
98120,103669,AU,8201
19598,103669,AU,8401
49772,103671,AU,8101
62439,103671,AU,8201
60043,103671,AU,8301
39893,103671,AU,8401
12583,103672,AU,8101
97183,103672,AU,8201
19109,103672,AU,8301
34189,103672,AU,8401
17878,103672,AU,8403
38518,103672,AU,8404
76965,103672,AU,8405
85297,103675,AU,8101
81534,103675,AU,8201
42240,103675,AU,8301
35662,103675,AU,8401
41226,103676,AU,8101
59660,103676,AU,8201
18165,103676,AU,8301
79978,103676,AU,8401
47615,103676,AU,8403
27979,103676,AU,8404
30598,103676,AU,8405
19370,103680,AU,8101
40002,103680,AU,8201
39091,103680,AU,8401
57317,103685,AU,8101
85626,103685,AU,8201
70385,103685,AU,8301
41560,103685,AU,8401
45342,103686,AU,8101
11275,103686,AU,8201
11815,103686,AU,8401
22678,103690,AU,8101
14172,103690,AU,8201
88099,103690,AU,8301
78195,103690,AU,8401
11138,103691,AU,8101
43169,103691,AU,8201
19404,103691,AU,8401
45512,103696,AU,8101
64962,103696,AU,8201
34704,103696,AU,8301
57172,103696,AU,8401
72699,103696,AU,8403
53028,103696,AU,8404
36782,103696,AU,8405
41712,103697,AU,8101
43774,103697,AU,8201
36655,103697,AU,8301
18453,103697,AU,8401
79761,103697,AU,8403
65451,103697,AU,8404
59053,103697,AU,8405
50638,103698,AU,8101
51179,103698,AU,8201
36888,103698,AU,8301
55633,103698,AU,8401
32700,103698,AU,8403
27278,103698,AU,8404
93542,103698,AU,8405
94053,103699,AU,8101
51021,103699,AU,8201
85239,103699,AU,8301
86079,103699,AU,8401
21023,103699,AU,8403
92042,103699,AU,8404
56917,103700,AU,8101
57929,103700,AU,8201
74267,103700,AU,8401
54757,103701,AU,8101
84019,103701,AU,8201
45759,103701,AU,8301
41474,103701,AU,8401
78494,103707,AU,8101
61825,103707,AU,8201
29968,103707,AU,8301
37660,103707,AU,8401
34895,103707,AU,8403
59044,103707,AU,8404
17201,103707,AU,8405
24584,103708,AU,8101
39414,103708,AU,8201
82827,103708,AU,8401
36245,103710,AU,8101
82858,103710,AU,8201
68135,103710,AU,8401
10044,103711,AU,8101
61177,103711,AU,8201
85662,103711,AU,8301
71778,103711,AU,8401
10283,103711,AU,8403
40498,103711,AU,8404
48352,103712,AU,8101
33390,103712,AU,8201
85477,103712,AU,8301
35561,103712,AU,8401
37311,103713,AU,8101
70575,103713,AU,8201
71135,103713,AU,8301
85742,103713,AU,8401
93560,103715,AU,8101
67694,103715,AU,8201
55954,103715,AU,8301
56233,103715,AU,8401
27791,103720,AU,8101
48051,103720,AU,8201
75282,103720,AU,8401
54565,103720,AU,8403
30044,103720,AU,8404
98169,103720,AU,8405
96349,103725,AU,8101
95220,103725,AU,8201
43185,103725,AU,8401
46459,103725,AU,8403
20617,103725,AU,8404
93769,103725,AU,8405
85930,103726,AU,8101
63246,103726,AU,8201
76690,103726,AU,8301
74790,103726,AU,8401
78740,103726,AU,8403
56506,103726,AU,8404
43412,103726,AU,8405
41340,103727,AU,8101
51008,103727,AU,8201
41834,103727,AU,8301
37987,103727,AU,8401
92560,103727,AU,8403
79806,103727,AU,8404
33725,103728,AU,8101
57283,103728,AU,8201
72851,103728,AU,8301
86110,103728,AU,8401
73051,103728,AU,8403
71590,103728,AU,8404
92180,103728,AU,8405
14430,103731,AU,8101
43396,103731,AU,8201
48400,103731,AU,8301
95849,103731,AU,8401
35929,103731,AU,8403
10466,103731,AU,8404
57719,103731,AU,8405
42394,103735,AU,8101
32565,103735,AU,8201
48208,103735,AU,8401
55970,103740,AU,8101
95962,103740,AU,8201
26441,103740,AU,8301
38492,103740,AU,8401
20832,103740,AU,8403
42649,103740,AU,8404
37376,103741,AU,8101
90810,103752,AU,8101
62584,103752,AU,8201
91181,103752,AU,8401
96958,103753,AU,8101
19375,103753,AU,8201
58259,103753,AU,8301
31652,103753,AU,8401
57681,103753,AU,8403
54755,103753,AU,8404
79883,103753,AU,8405
44901,103754,AU,8101
43767,103754,AU,8201
42389,103754,AU,8401
98448,103754,AU,8403
53496,103754,AU,8404
69325,103754,AU,8405
70708,103756,AU,8101
90660,103756,AU,8201
61373,103756,AU,8401
10916,103757,AU,8101
21439,103757,AU,8201
53902,103757,AU,8401
26139,103758,AU,8101
92773,103758,AU,8201
85890,103758,AU,8401
61242,103759,AU,8101
91483,103759,AU,8201
59057,103759,AU,8301
25417,103759,AU,8401
84048,103760,AU,8101
84255,103760,AU,8201
25073,103760,AU,8401
35041,103762,AU,8101
89989,103762,AU,8201
87256,103762,AU,8401
69558,103763,AU,8101
13459,103763,AU,8201
70492,103763,AU,8401
43983,103764,AU,8201
24273,103765,AU,8101
94211,103765,AU,8201
40172,103765,AU,8401
71597,103766,AU,8101
82885,103766,AU,8201
96031,103766,AU,8401
61193,103767,AU,8101
71297,103767,AU,8201
63586,103767,AU,8401
54721,103768,AU,8101
79580,103768,AU,8201
45505,103768,AU,8401
75216,103770,AU,8101
52883,103770,AU,8201
11281,103770,AU,8401
19466,103771,AU,8101
41960,103771,AU,8201
86427,103771,AU,8401
55067,103772,AU,8101
86352,103772,AU,8201
83891,103772,AU,8401
64102,103773,AU,8101
24418,103773,AU,8201
85066,103773,AU,8301
31425,103773,AU,8401
21524,103773,AU,8405
83818,103774,AU,8101
65599,103774,AU,8201
11422,103774,AU,8301
21517,103774,AU,8401
83570,103775,AU,8101
81493,103775,AU,8201
43475,103775,AU,8401
42979,103776,AU,8101
71613,103776,AU,8201
99011,103776,AU,8401
38915,103777,AU,8101
84038,103777,AU,8201
43255,103777,AU,8401
67549,103780,AU,8401
24234,103781,AU,8101
22577,103781,AU,8201
83677,103781,AU,8401
56801,103782,AU,8101
16185,103782,AU,8201
91299,103782,AU,8301
95664,103782,AU,8401
37320,103782,AU,8403
37940,103782,AU,8404
39726,103782,AU,8405
25270,103786,AU,8101
89897,103786,AU,8201
59277,103786,AU,8301
38323,103786,AU,8401
40806,103787,AU,8101
30743,103787,AU,8201
53517,103787,AU,8301
11891,103787,AU,8401
14490,103788,AU,8101
82283,103788,AU,8201
69435,103788,AU,8401
68189,103790,AU,8101
46968,103790,AU,8201
46932,103790,AU,8401
96883,103790,AU,8403
28663,103790,AU,8404
39120,103790,AU,8405
86276,103791,AU,8101
12216,103791,AU,8201
10178,103791,AU,8401
37581,103792,AU,8101
62466,103792,AU,8201
25066,103795,AU,8101
62157,103795,AU,8201
61865,103795,AU,8401
38588,103796,AU,8101
56795,103796,AU,8201
67801,103796,AU,8401
28855,103805,AU,8101
65153,103805,AU,8201
61267,103805,AU,8401
62752,103811,AU,8101
74625,103811,AU,8201
21790,103811,AU,8401
94150,103812,AU,8101
29180,103812,AU,8201
52107,103812,AU,8401
34486,103813,AU,8101
55130,103813,AU,8201
67237,103813,AU,8401
61736,103813,AU,8403
97545,103813,AU,8404
68984,103813,AU,8405
93236,103814,AU,8101
33975,103814,AU,8201
45720,103814,AU,8301
63687,103814,AU,8401
42891,103814,AU,8403
94553,103814,AU,8404
78485,103814,AU,8405
52011,103820,AU,8101
79399,103820,AU,8201
22317,103820,AU,8401
15397,103821,AU,8201
20428,103822,AU,8101
94946,103822,AU,8201
65456,103822,AU,8301
66443,103822,AU,8401
26369,103822,AU,8403
23026,103822,AU,8404
55348,103822,AU,8405
86900,103823,AU,8101
37400,103823,AU,8201
10850,103823,AU,8301
79938,103823,AU,8401
26871,103827,AU,8101
56948,103827,AU,8201
75236,103827,AU,8401
76479,103828,AU,8101
59747,103828,AU,8201
88240,103828,AU,8301
22005,103828,AU,8401
51356,103828,AU,8403
97536,103828,AU,8404
33895,103828,AU,8405
47185,103829,AU,8101
15523,103829,AU,8201
98853,103829,AU,8401
37484,103831,AU,8101
24521,103831,AU,8201
95438,103831,AU,8301
43876,103831,AU,8401
98846,103831,AU,8403
68835,103831,AU,8404
86022,103831,AU,8405
36541,103836,AU,8101
37702,103836,AU,8201
63521,103836,AU,8401
50058,103837,AU,8101
71064,103837,AU,8201
29395,103837,AU,8401
65358,103840,AU,8101
64749,103840,AU,8201
78566,103840,AU,8301
41661,103840,AU,8401
37940,103840,AU,8403
38864,103840,AU,8404
84677,103843,AU,8101
70510,103843,AU,8201
70735,103843,AU,8401
68609,103843,AU,8403
69555,103843,AU,8404
87897,103843,AU,8405
16729,103844,AU,8101
78846,103844,AU,8201
39236,103844,AU,8401
23520,103845,AU,8101
51849,103845,AU,8201
99303,103845,AU,8301
57178,103845,AU,8401
53869,103845,AU,8403
45436,103845,AU,8404
31893,103846,AU,8101
55898,103846,AU,8201
92441,103846,AU,8301
18452,103846,AU,8401
43764,103846,AU,8403
49142,103846,AU,8404
21086,103846,AU,8405
96745,103847,AU,8101
77288,103847,AU,8201
15586,103847,AU,8401
95013,103847,AU,8403
90249,103847,AU,8404
17788,103847,AU,8405
88664,103848,AU,8101
28894,103848,AU,8201
25327,103848,AU,8401
34838,103850,AU,8101
33066,103850,AU,8201
27340,103850,AU,8401
53048,103851,AU,8101
27784,103851,AU,8201
58593,103851,AU,8301
15189,103851,AU,8401
53070,103851,AU,8403
67768,103851,AU,8404
67322,103851,AU,8405
34412,103857,AU,8101
65638,103857,AU,8201
15269,103857,AU,8401
66653,103858,AU,8101
99628,103858,AU,8201
76050,103858,AU,8301
28424,103858,AU,8401
15246,103858,AU,8403
70688,103858,AU,8404
98757,103858,AU,8405
75482,103860,AU,8101
77346,103860,AU,8201
64465,103860,AU,8401
86485,103865,AU,8101
32094,103865,AU,8201
57542,103865,AU,8401
52050,103866,AU,8101
72217,103866,AU,8201
82632,103866,AU,8301
60963,103866,AU,8401
37427,103866,AU,8403
53874,103866,AU,8404
97474,103866,AU,8405
45557,103875,AU,8101
29187,103875,AU,8201
23372,103875,AU,8401
51349,103875,AU,8403
96386,103875,AU,8404
81455,103875,AU,8405
10049,103876,AU,8101
14021,103876,AU,8201
82746,103876,AU,8401
64716,103877,AU,8101
91608,103877,AU,8201
60757,103877,AU,8401
47148,103890,AU,8101
65646,103890,AU,8201
12208,103890,AU,8401
25386,103891,AU,8101
47636,103891,AU,8201
75723,103891,AU,8401
37287,103895,AU,8101
37174,103895,AU,8201
74624,103895,AU,8401
52154,103896,AU,8101
24059,103896,AU,8201
77592,103896,AU,8401
23940,103897,AU,8101
35352,103897,AU,8201
49239,103897,AU,8301
22277,103897,AU,8401
53551,103897,AU,8403
85034,103897,AU,8404
10834,103897,AU,8405
62167,103900,AU,8101
25611,103900,AU,8201
33233,103900,AU,8301
73909,103900,AU,8401
52486,103900,AU,8403
67058,103900,AU,8404
53267,103900,AU,8405
84725,103901,AU,8101
48358,103901,AU,8201
88928,103901,AU,8301
37342,103901,AU,8401
53691,103902,AU,8101
56391,103902,AU,8201
63790,103902,AU,8401
15660,103902,AU,8403
40287,103902,AU,8404
87791,103902,AU,8405
24189,103903,AU,8101
97641,103903,AU,8201
73225,103903,AU,8401
67619,103904,AU,8101
60636,103904,AU,8201
92051,103904,AU,8301
99812,103904,AU,8401
97367,103904,AU,8405
22154,103915,AU,8101
23752,103915,AU,8201
93209,103915,AU,8301
22420,103915,AU,8401
96684,103916,AU,8101
53205,103916,AU,8201
57252,103916,AU,8401
40742,103917,AU,8101
56462,103917,AU,8201
12883,103917,AU,8301
67231,103917,AU,8401
33574,103919,AU,8101
20793,103919,AU,8201
65158,103919,AU,8401
77104,103930,AU,8101
88478,103930,AU,8201
24622,103930,AU,8401
65211,103931,AU,8101
55889,103931,AU,8201
49519,103931,AU,8301
26167,103931,AU,8401
45432,103932,AU,8101
20022,103932,AU,8201
79756,103932,AU,8401
19773,103933,AU,8101
61823,103933,AU,8201
77967,103933,AU,8401
17551,103935,AU,8101
53642,103935,AU,8201
32246,103935,AU,8401
82529,103940,AU,8101
74211,103940,AU,8201
91426,103940,AU,8301
71173,103940,AU,8401
71932,103940,AU,8403
84571,103940,AU,8404
58420,103940,AU,8405
17702,103941,AU,8101
85314,103941,AU,8201
53237,103941,AU,8301
83751,103941,AU,8401
75933,103941,AU,8403
55437,103941,AU,8404
50529,103941,AU,8405
75332,103942,AU,8101
94315,103942,AU,8201
27288,103942,AU,8401
57549,103943,AU,8101
81739,103943,AU,8201
97551,103943,AU,8401
16901,103944,AU,8101
78041,103944,AU,8201
89953,103944,AU,8401
47558,103945,AU,8101
36585,103945,AU,8201
26141,103945,AU,8401
80506,103946,AU,8101
45722,103946,AU,8201
41121,103946,AU,8401
60091,103948,AU,8101
64168,103948,AU,8201
21891,103948,AU,8301
27405,103948,AU,8401
87520,103952,AU,8101
74986,103952,AU,8201
61683,103952,AU,8401
56640,103954,AU,8101
88093,103954,AU,8201
96104,103954,AU,8401
73686,103955,AU,8101
41972,103955,AU,8201
87901,103955,AU,8401
33661,103956,AU,8101
79693,103956,AU,8201
19281,103956,AU,8401
20623,103960,AU,8101
61233,103960,AU,8201
90994,103960,AU,8401
46093,103961,AU,8101
84817,103961,AU,8201
23889,103961,AU,8401
48928,103962,AU,8101
51164,103962,AU,8201
12748,103962,AU,8301
17118,103962,AU,8401
96987,103962,AU,8405
81185,103965,AU,8101
40496,103965,AU,8201
90124,103965,AU,8401
50737,103966,AU,8101
16671,103966,AU,8201
61362,103966,AU,8301
14292,103966,AU,8401
18968,103966,AU,8403
99012,103966,AU,8404
24883,103966,AU,8405
86163,103968,AU,8101
37673,103968,AU,8201
89369,103968,AU,8401
77734,103969,AU,8101
30354,103969,AU,8201
93744,103969,AU,8401
87582,103970,AU,8101
66207,103970,AU,8201
79961,103970,AU,8401
39077,103971,AU,8101
53030,103971,AU,8201
40040,103971,AU,8401
36872,103972,AU,8101
19782,103972,AU,8201
71883,103972,AU,8401
97652,103973,AU,8101
31815,103973,AU,8201
67970,103973,AU,8401
69516,103974,AU,8101
42373,103974,AU,8201
98621,103974,AU,8401
40028,103975,AU,8101
54225,103975,AU,8201
61993,103975,AU,8401
30733,103976,AU,8101
26192,103976,AU,8201
74350,103976,AU,8401
95739,103977,AU,8101
74046,103977,AU,8201
28154,103977,AU,8401
80900,103985,AU,8101
95814,103985,AU,8201
28448,103985,AU,8301
90004,103985,AU,8401
75939,103990,AU,8101
15936,103990,AU,8201
72986,103990,AU,8401
53746,103991,AU,8101
79244,103991,AU,8201
19513,103992,AU,8101
26403,103992,AU,8201
85091,103992,AU,8401
93827,103993,AU,8101
92720,103993,AU,8201
58885,103993,AU,8301
47261,103993,AU,8401
94868,103993,AU,8403
92942,103993,AU,8404
33103,103993,AU,8405
57851,103995,AU,8101
77230,103995,AU,8201
57098,103995,AU,8401
62493,104000,AU,8101
58486,104000,AU,8201
64051,104000,AU,8401
22967,104001,AU,8101
23700,104001,AU,8201
15580,104001,AU,8401
11560,104002,AU,8101
40603,104002,AU,8201
93336,104002,AU,8301
47654,104002,AU,8401
96207,104005,AU,8101
65760,104005,AU,8201
36139,104005,AU,8301
88845,104005,AU,8401
80156,104010,AU,8101
84962,104010,AU,8201
50909,104010,AU,8301
34900,104010,AU,8401
11013,104010,AU,8403
36738,104010,AU,8404
84617,104010,AU,8405
77513,104011,AU,8101
69694,104011,AU,8201
72734,104011,AU,8401
97230,104015,AU,8101
37729,104015,AU,8201
15255,104015,AU,8401
81625,104016,AU,8101
37535,104016,AU,8201
37061,104016,AU,8401
80720,104020,AU,8101
22111,104020,AU,8201
44845,104020,AU,8401
91314,104025,AU,8101
18651,104025,AU,8201
75744,104025,AU,8401
42638,104031,AU,8101
77098,104031,AU,8201
87346,104031,AU,8401
33267,104040,AU,8101
95557,104040,AU,8201
62908,104040,AU,8401
45557,104041,AU,8101
75370,104041,AU,8201
84677,104041,AU,8401
47194,104043,AU,8101
33694,104043,AU,8201
79039,104043,AU,8401
89841,104045,AU,8101
27587,104045,AU,8201
94874,104045,AU,8401
46030,104046,AU,8101
17061,104046,AU,8201
61163,104046,AU,8401
49266,104047,AU,8101
51664,104047,AU,8201
20866,104047,AU,8401
70918,104048,AU,8101
14373,104048,AU,8201
30308,104048,AU,8401
40612,104049,AU,8101
63459,104049,AU,8201
80365,104049,AU,8401
77048,104050,AU,8101
22637,104050,AU,8201
14435,104050,AU,8401
45718,104055,AU,8101
50055,104055,AU,8201
36030,104055,AU,8401
71937,104056,AU,8101
73372,104056,AU,8201
40382,104056,AU,8401
81172,104057,AU,8101
12595,104057,AU,8201
52780,104057,AU,8401
51428,104058,AU,8101
27654,104058,AU,8201
73149,104058,AU,8401
61661,104059,AU,8101
54246,104059,AU,8201
37078,104059,AU,8401
48952,104060,AU,8101
12714,104060,AU,8201
98912,104060,AU,8401
64140,104061,AU,8101
68360,104061,AU,8201
34831,104061,AU,8401
43370,104062,AU,8101
56372,104062,AU,8201
70112,104062,AU,8401
81024,104063,AU,8101
52508,104063,AU,8201
96196,104063,AU,8301
57491,104063,AU,8401
90817,104064,AU,8101
65500,104064,AU,8201
38183,104064,AU,8401
14351,104065,AU,8101
23131,104065,AU,8201
66095,104065,AU,8401
12245,104071,AU,8101
67114,104071,AU,8201
75020,104072,AU,8101
71155,104072,AU,8201
74963,104072,AU,8401
61618,104080,AU,8101
28396,104080,AU,8201
26715,104080,AU,8401
51055,104081,AU,8101
68352,104081,AU,8201
51952,104081,AU,8401
28678,104082,AU,8101
25939,104082,AU,8201
78465,104082,AU,8401
41543,104085,AU,8101
53504,104085,AU,8201
36774,104085,AU,8401
